poi_id,type,latitude,longitude,city,importance_score
7bb29051-bad9-40ce-b1b2-1540059190a3,aéroport,48.913669,2.391753,Paris,25.03
533e0c53-349c-43dd-888d-629b7e745dc2,centre commercial,48.814271,2.425424,Paris,22.53
a2dc984e-cbc2-4f2d-851a-d6c92467123a,université,48.844257,2.348405,Paris,81.95
2422b6e9-e8e0-4b66-9eb1-24b748995425,cinéma,48.92055,2.278632,Paris,78.72
96a3bda8-63ba-4f0f-8d12-027697522c4d,aéroport,48.889995,2.363993,Paris,37.94
f52bdf6b-1e3a-4fc6-af6b-71c5966b9f5d,gare,48.913846,2.26654,Paris,99.49
122cd290-310f-4730-83e7-1f0932ee37d7,aéroport,48.93122,2.335414,Paris,23.81
e9feee69-18c1-4dff-b5ea-422ea5c4f8a8,cinéma,48.811508,2.266518,Paris,29.73
a75957c8-365c-4cf6-9365-016bfdd083a1,stade,48.861463,2.322227,Paris,89.18
39ee2187-be08-48b4-80ae-355418ab549e,restaurant,48.794462,2.347228,Paris,71.71
10a06cdb-f4ac-4471-a45a-f1c8dd3908b1,cinéma,48.780575,2.320917,Paris,99.35
d9432117-8a80-411e-8cff-e4ed61bf6f9a,cinéma,48.912647,2.436046,Paris,28.63
8cb86f3b-38f8-48fe-a059-095c5a9d9c8c,centre commercial,48.878796,2.26704,Paris,71.77
f3d4f813-df30-44a1-a97d-1ff2f2a74944,cinéma,48.79079,2.328442,Paris,33.51
3f4dd64a-9ce6-4f4d-bafa-e1ba1cc2a5f3,cinéma,48.916603,2.321642,Paris,63.7
444f1c2c-9506-4d79-a76d-1cce6eac90a5,aéroport,48.850053,2.323221,Paris,20.55
181a1a05-1e3f-492d-88ca-d152cd76a37c,centre commercial,48.925317,2.384774,Paris,49.79
b5a207c2-eba4-4584-b405-7ad04b2b87c1,centre commercial,48.935368,2.337683,Paris,66.75
226c7b1d-d2ab-469e-8c8b-64c344819c83,stade,48.878132,2.397285,Paris,27.25
951ac103-db0c-4c5d-89cb-ad7b56a1a366,stade,48.825023,2.417602,Paris,58.16
5a676d5c-b0fd-4d48-b84b-681d3c9ce8c3,aéroport,48.881541,2.304942,Paris,78.83
a15e9ecf-567e-461e-99cd-1ea274efd81f,gare,48.787962,2.433377,Paris,60.98
3d2b88ff-b94b-4837-9b1d-cd442680fb6d,restaurant,48.889664,2.426631,Paris,28.05
078dbe0f-8dd1-45fb-ad4d-8cd64a34756e,aéroport,48.933992,2.429503,Paris,50.49
47217948-cb7b-49a1-a802-e347fbb7812e,université,48.915898,2.4062,Paris,53.03
80f3b67e-a125-46bb-bd0f-5e608517fc38,gare,48.942385,2.426528,Paris,29.42
d91ddfac-1737-4711-be8f-52df46a9ee5c,aéroport,48.788001,2.430046,Paris,41.61
54636cac-3d58-44a0-9e6a-abe72d35e4ba,université,48.819393,2.408515,Paris,45.35
a3146d49-9ec7-4f5a-9af8-46c628cac785,aéroport,48.846088,2.277107,Paris,35.46
d728fb80-6177-42b4-a012-79fed5cf7b53,gare,48.777255,2.293932,Paris,78.89
92bc23ab-a4e9-4f7c-9273-55c6fe78e84c,université,48.768725,2.30157,Paris,41.67
257c3dff-767b-4a02-aa0c-f8e75f30e86e,aéroport,48.923043,2.337761,Paris,53.49
bf18c9a4-e137-4537-bfed-4b2bafc43cd1,centre commercial,48.864719,2.316284,Paris,41.0
f56b9e63-e714-4b8c-8577-a180fd38e801,restaurant,48.817982,2.437242,Paris,66.31
46f2145a-a5a9-421e-b201-936d335fe10e,centre commercial,48.772726,2.337232,Paris,57.84
a144671a-6cbe-4ab5-ba4b-02341c172ec8,université,48.809724,2.339087,Paris,72.63
811c2431-3a19-4ff7-a0c6-172d0525af67,université,48.91965,2.338474,Paris,84.59
b195ef15-e7f4-4b3b-b5c9-65d862c23f3b,centre commercial,48.886607,2.440283,Paris,24.66
89ab0917-6605-443c-8bc3-b00b8ba8bd39,restaurant,48.853869,2.360035,Paris,37.16
315f37d1-4a24-4ee9-8989-d9f8a0880846,aéroport,48.90597,2.321077,Paris,93.73
4fceb4ab-b69f-4e87-97d3-8d4c840c1e0a,gare,48.868827,2.335512,Paris,69.13
4c07fa59-c112-4d38-9977-16d02507301c,aéroport,48.78735,2.266901,Paris,67.45
0b3d741d-9af9-4a53-9fe1-6a59f882d133,gare,48.857255,2.319397,Paris,79.72
2f072daf-ddd9-4352-8589-077114c4d237,université,48.942622,2.313951,Paris,27.93
0f1c0534-0d15-48dd-816b-a288c6952859,gare,48.897719,2.366263,Paris,82.57
cfe80688-f464-4956-9f21-0cf7d9ade7f7,université,48.881751,2.298423,Paris,68.73
5a94165b-72a3-4f33-89ae-9b15ffb6aeae,centre commercial,48.870157,2.388029,Paris,44.07
4e95f79e-9176-4941-9089-c02aaeabc0d7,restaurant,48.796696,2.423727,Paris,34.86
6a992279-5234-4df6-a255-f991b04307e2,centre commercial,48.825916,2.432134,Paris,60.11
afd79aea-eb41-45fe-8779-ee8ea238630a,centre commercial,48.825113,2.303717,Paris,51.77
14a59f5a-485e-4e4b-8e81-eb24ef0b5c74,cinéma,48.866317,2.402096,Paris,51.42
bc449332-392a-49bf-8df3-4813012a5fc3,aéroport,48.809015,2.426628,Paris,20.35
ae66ca00-3d5d-4652-9c4d-a5abec3cb943,restaurant,48.906509,2.428235,Paris,29.61
03962b75-36e7-4fdb-a587-2fc6a2051ef7,université,48.76805,2.408668,Paris,90.98
6ffb4f4f-2de7-4f4e-9f25-572356fd0836,aéroport,48.829224,2.368613,Paris,52.08
fa52a5b8-90d1-42e3-a911-46bf47f3962b,cinéma,48.92107,2.355965,Paris,40.8
fef7018b-9ed3-4dba-bc5f-0d88c64bc807,aéroport,48.931777,2.298901,Paris,41.83
fdc73a75-a6aa-4ca4-83bf-a98c20ac72cd,université,48.86458,2.304289,Paris,58.11
9d7cd668-021d-4847-a268-71afadb986c9,stade,48.815484,2.301456,Paris,69.92
3887f855-4c0b-43a7-8074-28c10292836e,centre commercial,48.807574,2.374997,Paris,71.41
608ead59-2d52-43cf-b531-e040a0494281,cinéma,48.894113,2.424842,Paris,69.87
1015bd3b-a557-4dff-9dbe-6436f570a52b,cinéma,48.819399,2.288721,Paris,68.82
d13b0973-8216-44a9-bbb4-f11ca3fe1ad9,aéroport,48.804127,2.291951,Paris,46.97
c39199a5-2e89-4269-833c-c184f5d7d08a,cinéma,48.834249,2.394533,Paris,85.07
3442d20b-7bcb-425c-98b0-57859844b056,cinéma,48.841208,2.433498,Paris,99.27
74f31a05-8b1e-4302-946c-1afc63f8458b,stade,48.897973,2.263957,Paris,85.14
9aa62ed4-3771-4f80-83ca-6d048e2be0bf,stade,48.870066,2.375173,Paris,42.91
25439dfb-5896-4365-bd2c-c83aebcecf93,stade,48.90329,2.371472,Paris,67.18
6e922568-628a-4b2f-98b2-32841a71117d,stade,48.786415,2.327676,Paris,79.3
0eeeb8c5-449b-4137-8fb9-15299cd5f64e,gare,48.864111,2.312166,Paris,75.29
28f298f4-21f1-4b71-ab9d-ac3344fc69b9,cinéma,48.792151,2.386575,Paris,23.33
f14d8d43-e1b5-4da8-9201-7e1c650eb682,université,48.781997,2.430806,Paris,56.93
43250d3f-634c-481c-b99d-cd8b885023cf,restaurant,48.869686,2.435739,Paris,58.19
81d6b942-fa04-48ed-b261-1e78cb9ea5e5,université,48.81566,2.361412,Paris,67.53
2e974586-adcc-4214-bf36-db6040e19ae1,université,48.784478,2.326774,Paris,35.42
ad78e7a8-4290-471a-a304-57891d0440f4,cinéma,48.939977,2.394613,Paris,99.14
ba7883b1-45b5-49a5-9a49-6269ceed6263,aéroport,48.798208,2.330216,Paris,52.87
354ad7f0-ec52-43e2-8679-15cbd96ed163,restaurant,48.782113,2.392334,Paris,22.66
79d5dd9a-382b-47f6-bd2f-ba84804aa054,centre commercial,48.911011,2.268546,Paris,28.71
621d25fc-d700-467c-b10e-ef978a2954d2,gare,48.862238,2.409997,Paris,36.83
2fc8d01f-dd32-47b2-a7ba-bd5430adc057,centre commercial,48.838093,2.408877,Paris,30.76
98731599-6988-47fc-ac6f-acd27d9300a0,aéroport,48.883588,2.414434,Paris,25.95
ef3d6785-0dff-4873-b145-df001ebd185f,stade,48.779226,2.433281,Paris,92.73
df375a03-100f-4884-9fa6-d09ca7b77c50,stade,48.776948,2.270848,Paris,55.09
09f67e4f-4587-47e9-9573-9332b086917a,université,48.788087,2.310431,Paris,52.36
07d40cca-1d61-457f-8ded-b96372997bff,aéroport,48.803093,2.295036,Paris,35.19
d6e5439b-37c9-4c75-b696-83e04422e7f9,stade,48.888022,2.268207,Paris,33.27
7c2d4fbe-3b9a-4fc7-982c-833c621ad870,aéroport,48.834864,2.372422,Paris,57.8
3fa702bd-6b56-4980-92da-4c54b8678e43,restaurant,48.828809,2.354198,Paris,85.72
1b2e181b-3a5d-4c39-948a-7fde6e580452,restaurant,48.917609,2.406243,Paris,35.92
8358473d-96ca-49fd-834a-8dab0545144c,université,48.804955,2.361339,Paris,29.73
4206dfab-c362-44d7-af3f-ba0a426df11b,gare,48.812146,2.409879,Paris,70.95
e8228d20-05f3-4097-a7a9-daef6d108337,université,48.836035,2.407659,Paris,74.14
ff86818c-b7b7-42a7-9edb-5708209c25e7,aéroport,48.882188,2.300739,Paris,95.33
7c9ff22c-8af4-4299-911d-9cd1a9aec651,stade,48.914818,2.44215,Paris,57.13
016b6c6c-d8df-4f9b-9c51-58bd2964ec84,stade,48.861021,2.336522,Paris,60.79
771e36bd-1c9d-4ea1-ac2b-9963ae5b7a3b,restaurant,48.779997,2.30113,Paris,50.1
709cd446-a47a-4df2-9320-d909a575da75,centre commercial,48.817481,2.298835,Paris,71.83
1799cdbf-2fb4-4569-a38b-4bb67d2dbba9,université,48.903556,2.330997,Paris,88.82
b7a2dc5a-b1d8-4dd9-82b6-13f9b5a8220a,gare,48.792096,2.300371,Paris,46.42
d96ef135-4063-4665-bc53-afc79cc71f8b,centre commercial,48.928293,2.359464,Paris,78.75
c41f47c7-3d8f-4d9f-b129-0a11fe7ce2e0,gare,48.839536,2.328968,Paris,23.68
404658a3-0a61-4def-87db-024efde172b2,université,48.936845,2.412374,Paris,49.57
23209a23-6f0d-4ce1-835f-6899f9b295ed,cinéma,48.884119,2.341015,Paris,65.33
5e3a7aa6-ebd2-4f04-86fb-592a95e1f5c4,restaurant,48.929927,2.338451,Paris,85.19
80050e72-d01d-4f4a-b280-9ed31e840933,aéroport,48.889935,2.37568,Paris,84.85
0c17b0b1-1cd4-4063-863b-3dcaa960b156,restaurant,48.796433,2.416235,Paris,98.62
a8638640-e5be-4ac9-8adb-8b8c5b2fe5db,stade,48.77636,2.265031,Paris,37.54
481250e3-87bd-41b4-8d02-d5fc622e00e1,centre commercial,48.880987,2.415607,Paris,74.14
ff056f3e-1400-460a-942b-ddc6c851c496,centre commercial,48.940386,2.324525,Paris,74.32
f9b8a5e2-9870-4205-8524-19cce2d4d0ae,restaurant,48.835392,2.3208,Paris,50.06
3bdfd9c0-22a2-40cc-9f05-61affc0bb293,aéroport,48.867992,2.37172,Paris,74.57
5f3e2869-c9a4-46ba-ab6a-88817abd9c94,gare,48.911015,2.334956,Paris,88.94
ce93e6ed-fade-4bbb-aea8-e0d6633c30cb,restaurant,48.804575,2.372483,Paris,92.91
2f21704e-bbbc-4e10-9b9a-77e0bcc1dbc8,gare,48.848852,2.312041,Paris,82.89
41edf81c-b937-45aa-9c6e-db741ef7d14a,université,48.895958,2.344292,Paris,99.51
60f3abef-825f-4819-a131-fe5743cbd9a1,restaurant,48.833869,2.431785,Paris,49.59
5c345046-d44f-424d-86f4-7466643836ad,centre commercial,48.784001,2.332626,Paris,45.24
9390c094-1275-40c5-a9d1-eda179e4b62b,restaurant,48.882809,2.273447,Paris,36.16
922c9c31-98e5-4c9f-92f3-bc976157180c,restaurant,48.856038,2.357515,Paris,47.66
e484f57d-844a-47a3-8f2b-febf9af76b0f,restaurant,45.748469,4.771397,Lyon,41.29
abb5070a-4d46-42bd-8aea-0d2837e6be19,centre commercial,45.770372,4.793708,Lyon,27.5
2b54c922-500e-450f-a774-6e57b0a9a96a,centre commercial,45.787092,4.886591,Lyon,56.1
c49c7403-0f41-4403-a4a0-40f62419b333,centre commercial,45.742327,4.763977,Lyon,26.52
dc1eeeed-4dda-44bc-b9e1-7af010cc120a,restaurant,45.774387,4.750542,Lyon,55.91
a1a3857e-da73-47da-950f-cad49a94ba54,cinéma,45.692415,4.871476,Lyon,82.1
97d4736c-fab6-474b-9d01-83d14073fc35,stade,45.753305,4.777504,Lyon,98.17
65249ab6-af6f-4f41-8261-9c0573b2f224,stade,45.824198,4.921702,Lyon,22.88
fb725052-8fe8-40ac-9dfb-64b9b683498b,restaurant,45.747307,4.757786,Lyon,69.92
11c4cdeb-f0c7-4723-be97-37d6e9af3ab7,centre commercial,45.825753,4.785294,Lyon,64.97
af36a85a-d692-4632-85cc-22329aa53847,centre commercial,45.811159,4.76885,Lyon,89.69
27af3247-4b6b-4622-9dcb-75f24c532626,aéroport,45.824589,4.889939,Lyon,21.42
2a14670c-c35c-44c9-a44b-292b588cb797,centre commercial,45.763364,4.838499,Lyon,90.64
b3409e5a-496e-480a-924e-24d8afa14ab8,centre commercial,45.807122,4.845516,Lyon,87.22
f5799d02-1afc-4283-9387-ee063952d08d,stade,45.83753,4.795551,Lyon,57.91
379b4d6d-0830-4fc7-b735-b44f6baf4cb0,cinéma,45.814008,4.863647,Lyon,45.49
87dc4f57-8a00-48e4-8a81-d9aa73e3c1dc,restaurant,45.838606,4.763013,Lyon,28.45
36bd9d8b-d46f-4c0d-9164-be35f3dbb9f5,stade,45.676339,4.919481,Lyon,48.29
6fa6d2dd-7c09-4f1d-a045-a85a6900931e,cinéma,45.683485,4.783435,Lyon,20.79
da46b559-2d64-4e0c-a36a-4eeda947262f,restaurant,45.737755,4.880443,Lyon,95.29
17d1382a-fcc6-4df3-8a14-30dabf4f6c31,cinéma,45.826123,4.922297,Lyon,23.39
4c0b651a-5871-43a3-8b97-aa04d16c1e20,cinéma,45.81234,4.802505,Lyon,37.13
099fa5c6-c004-4949-9d9f-8f991c722315,stade,45.756009,4.759343,Lyon,91.16
c81b90a1-13fc-4e5c-9da1-1cc05441c475,aéroport,45.801482,4.881917,Lyon,38.07
2ad9639a-6747-44db-8006-f3afacf9778f,cinéma,45.818638,4.786512,Lyon,90.71
e14bbd9a-249d-442a-b62d-b26b897383f5,gare,45.700612,4.904765,Lyon,67.3
bae94c2d-9fdc-499e-be82-db6b7b0d092e,aéroport,45.703256,4.780532,Lyon,42.49
280fd2a4-9b0a-4205-b6f2-2b2f343d055f,stade,45.829759,4.868175,Lyon,48.5
a3096fa4-85a6-41a3-b2e8-f1633c9efbb1,stade,45.721991,4.843216,Lyon,73.26
cdc492ba-4db6-4b03-9c85-6f99eeafc7e0,centre commercial,45.805154,4.748474,Lyon,98.15
7afe7bca-504e-4044-92d0-26f36c392f75,stade,45.754984,4.853202,Lyon,31.54
c1e22c84-523c-4a76-8439-46a7f788bfa1,cinéma,45.69183,4.814275,Lyon,91.95
91aff06b-bf86-4551-b954-c85a5f695faf,gare,45.733952,4.77193,Lyon,96.56
7a9ac2c4-f7a1-41e9-95a7-e110a10da44a,restaurant,45.817632,4.751741,Lyon,66.59
571c309f-ab9e-4306-ab01-95567b647363,cinéma,45.692166,4.771623,Lyon,77.06
e2243f9b-a3cd-49f6-bc62-7ed173eaa117,stade,45.84703,4.780948,Lyon,35.3
fbd61663-d352-450f-a4d6-4b6b29a61f6f,université,45.729292,4.870957,Lyon,65.42
34413709-1eea-4993-9f82-d351faba0065,gare,45.723313,4.771194,Lyon,39.03
0323b870-4449-45a2-b494-a71f85c96d13,université,45.727282,4.865407,Lyon,50.43
9a7ca329-e601-4dd9-9912-5edf1ecd9565,gare,45.768968,4.827287,Lyon,32.42
880daf49-3f48-4617-8e50-b77858d6d491,cinéma,45.851007,4.823513,Lyon,46.09
693d03cd-0e60-4368-ae68-69fc9bfe57e7,cinéma,45.698693,4.777016,Lyon,27.27
e475ce7f-d168-40c0-ba5e-465f361b2b52,université,45.844101,4.855682,Lyon,93.7
1e5e4249-1c7c-4401-a734-b778361f3b16,cinéma,45.84193,4.914972,Lyon,76.34
5828e87b-d871-43ad-ba3a-42f67d82cc04,université,45.674656,4.883795,Lyon,42.29
a9ec80c4-f930-44cc-a8b2-2b24ad80886c,gare,45.674973,4.817926,Lyon,27.77
12823b84-3f0d-4e3f-bda2-015f82cd1075,centre commercial,45.750777,4.799364,Lyon,99.64
05ffac1c-105d-4564-998b-b5dd7c89fdb3,cinéma,45.706791,4.811977,Lyon,73.95
b6d2e8cf-2a20-4c18-a9f2-c9b9523397c9,aéroport,45.801898,4.824312,Lyon,79.4
2194c2f0-f1c2-49c5-bf76-ac99761f8ce7,université,45.827026,4.797909,Lyon,32.54
edd606fc-0242-48ac-a492-45f276eb70a8,université,45.766247,4.760764,Lyon,59.27
1c565f1a-36fa-46ef-aa95-52aa2e12d82e,aéroport,45.72623,4.795394,Lyon,44.77
6c92d549-eb11-4347-9c3e-79f99db6bf00,cinéma,45.842965,4.811268,Lyon,70.01
a506b905-8a91-4178-a057-b148f5b256f4,cinéma,45.782715,4.842257,Lyon,97.97
411ddc08-3002-4388-8b6a-5d05a36af06d,centre commercial,45.73972,4.74824,Lyon,39.03
e1f33c04-919b-417c-9a0d-38616a69bad4,aéroport,45.787517,4.793788,Lyon,85.09
781f9f99-9a4e-4476-8119-1bed90a55ae9,stade,45.724239,4.796529,Lyon,28.96
0e9a336c-f63b-416b-8614-b6251f94d002,université,45.721308,4.86775,Lyon,91.55
a8f72d54-ca48-4fc3-ac4f-84d6c32fac70,centre commercial,45.700921,4.897185,Lyon,76.16
2ff61586-47ea-4065-9b06-11ce7f535eb0,centre commercial,45.697729,4.795578,Lyon,84.68
79b7f139-54d5-490e-95e0-9518c9fa636f,aéroport,45.794429,4.781691,Lyon,76.88
31928980-c92a-4d1f-af2d-d510849f8954,stade,45.75682,4.917726,Lyon,38.34
f2cb5a73-3095-4c21-a421-a4449eab1568,gare,45.764979,4.779916,Lyon,57.42
70a61e92-0a01-47ff-ac76-b9ee3c589c15,aéroport,45.827179,4.913671,Lyon,38.21
7bcfe4d8-671c-4bc1-b47a-070a6bee6003,université,45.727304,4.80757,Lyon,43.56
64d48fb9-93c6-4630-b68e-dea6b1cc947f,centre commercial,45.682527,4.797283,Lyon,67.63
aa189106-b7b3-44a9-9305-e32e4551cd9f,aéroport,45.760553,4.774256,Lyon,33.2
048f34e9-4ab1-496d-9820-37c7897ab732,gare,45.680275,4.806507,Lyon,29.85
1f51dd6c-347d-4dde-aaa4-9de7c1f308ba,restaurant,45.748293,4.880439,Lyon,94.98
b7b1f264-f399-4e77-9c20-7184a80982f5,gare,45.848277,4.828798,Lyon,40.92
278d2880-8da7-437c-9011-84437cb29986,restaurant,45.775005,4.76739,Lyon,61.57
01416f2d-a7a0-4fdf-9652-c92a96f97b21,restaurant,45.773732,4.829494,Lyon,61.16
3430747b-4277-43e9-a2ac-a94089d06868,restaurant,45.696309,4.910126,Lyon,37.25
5d9318cd-84db-46ef-8d20-db20a78db161,centre commercial,45.81283,4.749775,Lyon,78.04
6bd2089a-6674-4d86-8438-ffd757961959,centre commercial,45.761092,4.923002,Lyon,90.42
4cbf9bc8-8f0a-425a-abe4-8405dc1a97c6,cinéma,45.849175,4.77398,Lyon,70.32
0b5abb46-be25-428d-8a22-ac662a1a78bd,cinéma,45.782699,4.747522,Lyon,24.92
883f20d6-7426-4379-bb67-94ee3917c103,gare,45.696431,4.760804,Lyon,98.05
52c05b4d-292b-4fb8-af04-d7642156ca83,gare,45.685829,4.843345,Lyon,47.6
52d921d6-7a87-44a7-b08b-f5d0e015dc4a,gare,45.791548,4.871774,Lyon,88.91
b2093ead-935b-421f-a35c-ef4d341f9412,cinéma,45.750143,4.786814,Lyon,23.06
4032924c-a768-440e-9701-df42857e7030,gare,45.753474,4.819414,Lyon,70.22
49c436db-32c1-415b-ab39-610d5902a19b,centre commercial,45.693541,4.826654,Lyon,94.77
700f8f4d-9245-43fc-afa6-15d357049a54,université,45.836137,4.87149,Lyon,65.07
ada9c55d-f1ee-4201-9850-5f527a8a386b,université,45.833387,4.884843,Lyon,32.64
111f2f6a-47c2-429a-8241-99f84899193f,gare,45.686569,4.819718,Lyon,85.24
a8efb327-22e2-4740-a234-c43c4101558b,gare,45.699836,4.786508,Lyon,35.5
9ca0bb52-7eeb-46f5-b09f-0e2e828b9702,aéroport,45.827751,4.878013,Lyon,80.54
23af6c2a-65af-4c8a-a190-2e61e4bf4b25,université,45.736861,4.848866,Lyon,59.08
f26ed370-3887-459c-a085-488f07432346,restaurant,45.806728,4.864483,Lyon,95.72
0954c452-3f70-405b-807a-3002871f580e,aéroport,45.774335,4.915326,Lyon,77.85
3e506277-c2b5-4e89-861c-1d25b6beb6d2,stade,45.728308,4.759939,Lyon,94.04
1f862a11-d4cd-48bf-8285-f6a75e75706f,université,45.777723,4.894612,Lyon,77.83
10e365b9-a1d5-41e2-b6c6-979ceb276922,cinéma,45.73945,4.803512,Lyon,59.78
449de585-adc3-4b55-9400-2776df60a4c7,cinéma,45.836192,4.784995,Lyon,67.74
7416b0cd-d6ff-478f-96e5-17c327f56b64,centre commercial,45.719426,4.799119,Lyon,64.16
39a97532-5d55-469a-89da-12748da98a34,stade,45.773328,4.791032,Lyon,20.13
08c5341e-e9fd-48eb-b26a-e36019b8ec1a,cinéma,45.840213,4.92271,Lyon,65.1
9e3065ce-eac9-4732-bdec-74d54809f52b,université,45.697434,4.899027,Lyon,46.95
88980bca-cc37-4d1d-a1ed-b89f847ecad5,restaurant,45.815601,4.877611,Lyon,90.81
ca2d970c-bc8f-4e79-9be5-7cba715819da,cinéma,45.697025,4.883963,Lyon,48.65
186b85c4-99fc-4683-9518-89b9139b27a1,cinéma,45.728529,4.822452,Lyon,51.44
cb65e855-e13f-48d8-be1d-65be9ea1cd0f,stade,45.853193,4.855969,Lyon,42.59
d96c27fa-0fbe-440f-aeb7-c840d864a025,cinéma,45.721367,4.899873,Lyon,30.86
30467736-3b8d-441c-9e56-f85b2c258ac8,stade,45.789762,4.790836,Lyon,76.67
2b4db61b-4bd4-4d02-9853-df28db07baec,gare,45.833536,4.809016,Lyon,67.36
692629fd-148f-40d9-b768-bb194293b683,gare,45.742578,4.813335,Lyon,20.07
970fad48-95ca-423f-bcf5-efa4add46cfd,stade,45.733647,4.800467,Lyon,56.42
8c52b978-03bf-453f-9880-9397892e0da9,stade,45.778421,4.920926,Lyon,80.29
59b92583-fb15-4cda-b221-7c752a4c7eb3,gare,45.806321,4.770452,Lyon,38.7
4fdf0e8c-ef02-48f5-98a2-1a9b1963e1dc,cinéma,45.714662,4.869243,Lyon,88.27
999e917d-a469-4ea3-9efb-e1daa86cce83,restaurant,45.681355,4.749452,Lyon,66.37
34a23b5c-f0b4-465d-937d-949cea9cf26d,restaurant,45.80808,4.747563,Lyon,49.23
5a534e18-0c21-4da7-a781-cf643d524a33,gare,45.708877,4.779549,Lyon,65.58
9bec7ee6-1a8f-4760-8c46-8072337debdc,restaurant,45.799804,4.760783,Lyon,47.22
1186aacd-3fc3-4580-9259-d00c633d2f26,université,45.729206,4.918166,Lyon,44.74
c8866a55-a091-428d-a50b-8462df64b63d,cinéma,45.754291,4.796867,Lyon,61.74
c4be84f8-3c7c-451c-90d3-91f3187ce7af,centre commercial,45.737121,4.869641,Lyon,24.83
ef941efa-0995-44fd-a08b-670232042fd4,aéroport,45.846834,4.754226,Lyon,25.81
de70f48f-beed-421b-8276-ba432400bc45,gare,45.824022,4.749488,Lyon,61.35
da6b6ae9-a2b0-45b2-b1ff-edec7e3a2e4f,restaurant,43.327014,5.45887,Marseille,85.03
b35f7be7-20f6-43ea-b5a8-df42554715c9,centre commercial,43.282509,5.45893,Marseille,26.16
8deb4f50-05c6-4ae4-9251-325ddd3489ca,université,43.254161,5.435217,Marseille,78.05
ad67933c-be24-48bb-869e-2d0439ee63d1,cinéma,43.381247,5.328622,Marseille,72.67
64d379e0-d6c5-4e43-b7a8-c1cd4216ab25,restaurant,43.292403,5.32985,Marseille,89.63
889ecfa4-c056-47bc-ace7-74afd368f1dc,gare,43.336925,5.322506,Marseille,35.11
ace90e79-0091-4964-9abd-c5c534e7a9c4,gare,43.218372,5.311,Marseille,25.41
86f8b318-eace-4a20-99ae-29710c6daed0,centre commercial,43.21969,5.348435,Marseille,32.5
364f85b3-f21b-44dc-86d4-3d7bd83d74fc,université,43.270654,5.302218,Marseille,66.51
f5d8437a-36da-4ce7-8129-71b0b1e80443,restaurant,43.221089,5.308413,Marseille,35.37
caa4cd48-a6d3-45be-a397-150b3dbf856d,cinéma,43.221042,5.404433,Marseille,79.96
a888c160-4c92-443f-9ad6-2fa520b7e4bb,stade,43.329419,5.44338,Marseille,62.53
81ad968d-c4b8-40d7-92a3-ae5c9924b3a5,cinéma,43.246722,5.314207,Marseille,62.56
88878a40-9388-4133-b3a4-ea69fc36aa6a,centre commercial,43.224326,5.43829,Marseille,63.51
c746d338-bb9f-48ab-94cb-3b148d61332f,stade,43.300516,5.322854,Marseille,86.1
df0a2f0b-6fa4-40a3-b9e7-3a7dafaa1bfe,gare,43.351422,5.399969,Marseille,28.92
e04e5d1b-d317-4163-bd5d-0379ea1d5aba,aéroport,43.371224,5.333932,Marseille,67.88
acf947d5-e1d2-4547-ab90-6656b71e4f24,cinéma,43.382026,5.287109,Marseille,26.52
996fb617-cf5c-476f-99f0-1219d8e68c3c,université,43.21267,5.303206,Marseille,89.96
887941cd-a1fa-4c5a-892d-9774b076e06e,restaurant,43.208775,5.429879,Marseille,94.89
71f9797a-bfbf-4920-ba9c-f8bfc111b14d,université,43.294869,5.284131,Marseille,21.2
c70e552c-dd02-49b6-9a82-dfa069900714,cinéma,43.249062,5.2837,Marseille,79.05
0bfe6fe5-a928-47de-8e54-efd3f2fe6d7c,université,43.281123,5.402186,Marseille,81.37
138cee10-96ce-46c7-a78b-eaae5d6ba26e,centre commercial,43.289867,5.45806,Marseille,51.62
b3a53260-28ac-4b30-9776-d5ac70ca9a35,centre commercial,43.348058,5.281131,Marseille,97.43
69f6a356-ec72-47f5-95eb-0cede2b03afb,gare,43.365847,5.439986,Marseille,79.72
f2c0b2c1-3941-4863-b133-f8870e7aeb97,stade,43.243688,5.418433,Marseille,92.3
3e681b3c-23d2-49dc-a2de-52ea61d142cd,cinéma,43.328325,5.416744,Marseille,82.22
bf402cc1-f134-41f0-8b15-71dd79bb4368,université,43.348673,5.455438,Marseille,95.59
a74eb537-485d-41a6-b776-41da341c8c8a,gare,43.215259,5.445352,Marseille,62.33
10484932-1b57-4acc-afbe-6ea051aa9a99,aéroport,43.3837,5.379537,Marseille,40.15
4c150e16-b8e2-43ad-b939-d38d768e5df7,université,43.207812,5.381333,Marseille,47.61
d080f371-1c90-40ee-9777-28bd2d68344f,cinéma,43.347607,5.282738,Marseille,20.19
4b5de84e-37fb-4297-813a-8a6343fd100c,gare,43.229406,5.416411,Marseille,50.72
603c8098-6365-4623-8f38-904f39ea1ba4,gare,43.36009,5.396039,Marseille,83.12
367da28a-b0f4-49a6-a83a-dcb42fdbbd33,restaurant,43.216557,5.424708,Marseille,27.22
bacd9f1c-9a27-4103-9369-907100d8517e,aéroport,43.29299,5.326182,Marseille,37.95
d5872e19-79e1-4f74-9355-1d8b7e6f5439,gare,43.232388,5.436413,Marseille,44.09
d7a18538-3929-4d1d-be56-2ea606fd8a5a,université,43.272521,5.32656,Marseille,54.08
daaf3220-a229-450f-b0e5-c766905ea294,cinéma,43.279506,5.315466,Marseille,21.15
0c04dcea-0f10-4681-9f87-43e9ca7ab793,cinéma,43.311548,5.323205,Marseille,43.78
74313ece-ef59-4689-ba63-86d2fd58c30d,aéroport,43.344371,5.395246,Marseille,69.42
cdbedd0d-64b6-4313-92e6-ccef4a7b2939,université,43.35662,5.370743,Marseille,24.43
6f01d545-c39f-4c6e-a345-da2021d4fc9e,université,43.207324,5.311805,Marseille,32.65
f93a20b6-5a4c-45b9-a170-fae05c58133b,restaurant,43.367136,5.310613,Marseille,80.26
a3ad27fe-3e06-46a8-b3da-57e1c2739945,stade,43.236581,5.359037,Marseille,38.93
5e11e54d-99b8-4eb7-8e06-b56a725f823a,centre commercial,43.358747,5.287647,Marseille,22.94
2aff221b-6779-4e10-9b66-89dda83b2854,centre commercial,43.32195,5.367493,Marseille,95.19
732246c7-9dbd-455e-85d7-ef3a803384d6,gare,43.364433,5.417348,Marseille,37.78
bc4ab08d-0066-4059-88d7-979f679da850,gare,43.264409,5.369553,Marseille,76.78
afbe8844-2c2d-41b0-83f7-02dc2dd301ed,centre commercial,43.211079,5.425014,Marseille,69.82
52a03338-2317-4c7d-9d03-6c84afd9921d,gare,43.288408,5.412663,Marseille,81.15
3aa86b01-7372-4b2a-a951-6db3a0a3f08d,stade,43.305065,5.285696,Marseille,43.88
c75dc525-6548-4ce0-b968-a7bef5ff8970,restaurant,43.231877,5.343602,Marseille,73.59
ae707900-eaa2-40a2-af6f-93e0c099dfc8,restaurant,43.32475,5.288117,Marseille,23.28
a6ad314b-1855-48a8-8dbb-77c23114afc1,aéroport,43.291162,5.323878,Marseille,50.37
c6b3dad3-0b90-46cb-ae14-feb8b0c43164,aéroport,43.222887,5.335937,Marseille,67.81
c2c9e7ae-d079-4fa6-b314-5115ea97abf3,restaurant,43.227904,5.355718,Marseille,26.8
8ecc7bb1-7cf4-4882-a2c7-9632cb138020,stade,43.227544,5.446411,Marseille,47.85
610ebf57-4e8e-454e-ae96-4fbf4e614cd1,aéroport,43.317978,5.332838,Marseille,30.93
8ee63463-c4ab-4e9c-a0fe-4060e8a3221f,centre commercial,43.312245,5.432606,Marseille,82.61
76ade9af-af62-4003-9748-11900fa39985,stade,43.308585,5.344828,Marseille,30.99
92dfcc3d-854b-4865-9ff2-a695aae52e12,cinéma,43.272665,5.333123,Marseille,43.58
7ad60398-20da-4008-9658-37123afb4637,gare,43.246058,5.394673,Marseille,83.9
4e78a945-4bdb-4763-926c-39d82ec8a9c6,restaurant,43.337593,5.334168,Marseille,73.6
289f7fa1-2361-49f1-b8ae-a5a1ad987e38,université,43.277323,5.327594,Marseille,99.18
ed111775-95ef-480e-96ef-3af94f719c9e,université,43.231693,5.371448,Marseille,34.39
ac8c986c-4806-48b4-83ec-76a3f9bcd1cc,restaurant,43.229631,5.451031,Marseille,41.18
51e29776-9265-4baf-b654-90a16e698329,gare,43.356908,5.457975,Marseille,44.29
01524f94-89d0-4f88-8aba-6045c0920d74,université,43.285259,5.445544,Marseille,97.1
469532d5-d299-4d7e-8800-8fad3b866b57,stade,43.341768,5.443489,Marseille,22.77
3a1f1693-4d36-4bb9-82a5-aa0ef5c62131,stade,43.320183,5.326434,Marseille,87.15
3dbef820-0118-4383-ae77-a9f96659ef4b,centre commercial,43.319879,5.3766,Marseille,82.62
125dbb52-daa5-4fe2-8355-9006e1fce1f0,centre commercial,43.289597,5.361834,Marseille,31.23
54ce8e3e-c66f-458b-81b4-ce1a3ea43599,centre commercial,43.351579,5.353381,Marseille,29.8
7772d713-2bcb-493b-a7f4-6a2ebd9e4acd,cinéma,43.238691,5.308959,Marseille,45.69
df4bbd03-e761-4ea7-9e85-29020d13e71a,université,43.215136,5.423223,Marseille,35.45
04d88b06-5d35-4d46-ad26-c030577f84dc,gare,43.274287,5.305085,Marseille,51.26
613d7d7e-9ae9-46ff-930b-b920b46b0a66,gare,43.34688,5.314521,Marseille,33.33
9b461c66-1851-4850-9859-72947d7fa788,stade,43.245228,5.381721,Marseille,26.41
ba6bfbda-e678-4cb0-8757-68bb994c9721,centre commercial,43.207854,5.449479,Marseille,39.04
31f79dae-4829-4188-90cc-b3a10e21133e,aéroport,43.240304,5.377885,Marseille,93.6
911865ac-5498-4524-ab50-c21095026272,gare,43.226273,5.415045,Marseille,55.43
5b1eeb64-aadb-432c-b52a-31d74286a269,centre commercial,43.241051,5.370396,Marseille,31.69
cc2d4598-def4-4189-a07d-14cd8b0a2c2c,restaurant,43.273279,5.421681,Marseille,72.91
fc4d7f0f-a79d-4e99-a5fb-e0cd3a5fe76a,restaurant,43.358231,5.30457,Marseille,48.33
647e3d24-c1a1-4668-a9da-20ead1f89b29,stade,43.316732,5.398004,Marseille,53.7
8fe410aa-1f9c-4b06-aba0-0802da8b6de5,gare,43.329699,5.29874,Marseille,57.76
c504bce5-9322-4cc5-847e-1040c017c06d,cinéma,43.351053,5.322095,Marseille,55.96
c41e1ca4-9ddf-4c54-b5c2-99cc70d2a9b1,aéroport,43.32553,5.33373,Marseille,89.14
88ae31e6-a724-46b1-a426-e4ea56c644ab,aéroport,43.25981,5.426527,Marseille,37.25
b7fc6ea0-3a9b-48ea-a983-35db43254b48,université,43.379384,5.456914,Marseille,79.23
865e2bb9-9be7-42af-8e2e-6f5201f282dd,restaurant,43.310127,5.334427,Marseille,51.05
994bf902-2b28-4257-8379-e2fd935b24ee,centre commercial,43.343273,5.348031,Marseille,65.77
f601c8ca-bde6-4b2a-9782-cdd9008ebd47,université,43.380889,5.290288,Marseille,31.84
036e0fac-52a0-4c74-a5d4-cd73a21a104e,restaurant,43.324748,5.289969,Marseille,60.25
3c0b7430-9980-4bb2-9092-768a0b6ac9c9,centre commercial,43.219411,5.299859,Marseille,46.92
2313b7a5-f680-4ed5-bece-d8d0a2ce664e,stade,43.354797,5.41607,Marseille,92.19
dd6324a0-a387-4e95-958c-460a1a953d2f,stade,43.322048,5.346405,Marseille,52.45
4b69fb7b-710b-4f18-914b-acc632ac28cc,aéroport,43.219271,5.316779,Marseille,89.71
54eca79b-81c2-48ca-a45c-8cfc006b89d0,gare,43.308415,5.445338,Marseille,20.61
caa00e8f-80ee-46fd-86d9-cb335e995e7f,aéroport,43.329019,5.410097,Marseille,53.49
bf3d2f27-8f8b-4f5e-8d3f-14a338a51ad5,cinéma,43.220874,5.455822,Marseille,71.95
4b5ab017-e2f1-4d56-9e0e-9fd24fe0f89b,stade,43.242387,5.410296,Marseille,57.58
f3296152-cd45-4267-ad25-e4905fcad269,aéroport,43.349339,5.344106,Marseille,79.34
e8c39f05-4b8e-4904-b309-27d48fee2fb4,stade,43.334831,5.367624,Marseille,91.11
8c649627-fb91-403f-b603-124418195c4a,restaurant,43.216131,5.42587,Marseille,21.39
660a1a82-10b2-4fb7-9530-5736954d7ef6,cinéma,43.289954,5.451956,Marseille,66.82
1a4a6896-6486-4dea-b713-ddb1e72057bb,gare,43.282415,5.321511,Marseille,38.16
fc3291ea-348c-498e-8a99-e0fcb4abb600,université,43.325594,5.33287,Marseille,23.74
64cf95ee-4fc5-4acc-806e-9dfe18447675,cinéma,43.318734,5.361916,Marseille,57.82
b0d5c930-e9cf-43ae-8046-f9796d446908,université,43.29316,5.439423,Marseille,23.9
e1b22eaf-139a-434a-8a6f-19c9aa924cc2,stade,43.336786,5.343572,Marseille,58.09
dd723b18-ea40-4315-aa26-dbae43a2393c,centre commercial,43.273902,5.39277,Marseille,99.95
51aa29fa-7390-4bc8-9651-5ea24d4479ed,stade,43.27127,5.375798,Marseille,23.51
0e620a37-4942-4fb5-b5cd-7ca712ac090a,restaurant,43.261986,5.401703,Marseille,69.46
8dd42029-4bb3-4f4b-9a35-be1efbe083ee,centre commercial,43.261135,5.448877,Marseille,31.47
af01b47e-8313-4f1d-83e7-f9fd95ed6755,gare,43.362739,5.368548,Marseille,30.49
afe64af6-059c-4699-9416-deb936c39bc9,gare,43.295357,5.350495,Marseille,25.2
b6328eb7-4864-462e-86e0-94ec12216962,cinéma,43.370029,5.329568,Marseille,47.43
982c3706-2d71-4a3b-9944-ce1a4d71f80e,université,50.613779,3.021066,Lille,36.64
0a7340d8-75da-4724-a076-38fc32d07814,université,50.691,3.023918,Lille,81.1
4aee791a-8f68-4b1e-ab0a-63bda06eecd5,restaurant,50.610403,3.117722,Lille,49.34
36ecec68-5776-400d-9b70-6cc435bed6d5,cinéma,50.670551,3.128805,Lille,60.57
c65168b9-b47c-4d65-be2c-7cc60ee20b19,restaurant,50.575627,3.038698,Lille,50.0
c0f52052-523d-40ee-b60f-a1080c603243,gare,50.716372,3.094119,Lille,58.24
5a4b53a5-504c-46ce-ba72-468e76c12f4e,gare,50.55869,3.018111,Lille,39.72
04123700-9381-467d-ba03-8a2d2fda023c,université,50.607607,2.994977,Lille,60.22
2f638058-f3f0-4547-92bd-61ca84cad96a,université,50.638318,3.132358,Lille,63.97
5fa64b79-9824-488c-b681-56b14c207b87,centre commercial,50.680793,3.135342,Lille,69.75
4b3b844c-3502-4cdf-a75d-5d0893fed0de,aéroport,50.718983,3.015302,Lille,33.55
8d3b2d1e-138a-4188-b6fd-8942eae600fc,gare,50.598978,2.967552,Lille,29.77
1eebe4bc-c642-4fc2-af45-5d0065ab6d50,cinéma,50.616417,3.132743,Lille,94.95
47038371-c834-41c9-bcfb-a10ee12a2d98,gare,50.623638,3.122369,Lille,81.33
886e3a4e-ece4-4fd6-b9b3-824df28d9087,université,50.57298,3.037947,Lille,53.19
79f910c7-41a5-47d2-bcd6-ab0c4898ca0e,gare,50.585217,3.06498,Lille,56.2
0e58236e-5a9a-4cd9-bad2-e9334e520a08,cinéma,50.596376,3.106763,Lille,25.19
c839d2ee-1d6f-4efd-a263-3f3a67d228c9,centre commercial,50.626092,3.136543,Lille,76.61
70b3dc9d-9a2a-4b3d-adf6-fbf8bf1f8360,cinéma,50.614785,3.028954,Lille,99.2
cfda93e1-14df-46f1-b52e-0d3395296093,centre commercial,50.639304,3.010112,Lille,96.26
2a360481-cf50-4024-9ce6-ec8463325195,restaurant,50.564434,3.125516,Lille,75.35
3c7e8877-4393-4429-9044-49fa289774eb,restaurant,50.675194,3.073157,Lille,47.48
e3e17a1e-acd7-4143-8aa1-7d4746386971,aéroport,50.588718,3.046911,Lille,48.49
a9bcc82b-28d7-4f14-b1ad-1c31182f543c,restaurant,50.715225,2.972103,Lille,60.34
7535dc38-99b3-433d-9258-c158547f2fa4,cinéma,50.558283,3.029088,Lille,43.14
728cd3c4-0bab-41c1-8709-6c28e6761eb9,restaurant,50.687225,3.028409,Lille,38.26
afd156b1-cfcd-4bce-b3ed-a344e3f3adc8,gare,50.583154,3.093704,Lille,84.89
6acf1135-b317-4fac-8f8a-fcecb3319cc5,université,50.55427,2.988198,Lille,60.03
fafae0e5-5307-48fc-8512-03a535e6b337,centre commercial,50.651306,3.035858,Lille,59.03
5d241219-7beb-4ef2-b094-fa956aeb8b80,restaurant,50.592428,2.97757,Lille,45.27
8b0e67d3-742e-4526-bfee-b16cffc09f7e,centre commercial,50.706148,3.088641,Lille,57.51
7ce41e75-5001-4cc8-a64f-a89c4a4e653e,gare,50.577398,3.048952,Lille,59.14
ce7ad47b-196b-4fe0-82d6-2a5f20243083,cinéma,50.594241,3.026347,Lille,57.29
0d35199e-ce00-4bf3-8bb1-012db547edfd,centre commercial,50.639338,3.002135,Lille,73.59
fa6e7971-b6ea-43c8-878c-dfbe06d0d758,aéroport,50.712703,3.050421,Lille,23.68
b834cf50-7b2a-4767-9b28-50db805b4556,stade,50.617551,3.140628,Lille,68.5
e5db368f-8b3c-45a3-abe0-09fcb36fb1ab,gare,50.63488,3.021122,Lille,43.91
a425a176-4523-486c-9483-69acd6498526,gare,50.617589,3.088261,Lille,58.91
6006a5a8-a74c-496b-9c3e-36f8b02b85f7,gare,50.638583,3.126669,Lille,98.26
95b190ff-dff1-4360-a3a1-f4d3fe866c92,cinéma,50.713891,3.022666,Lille,99.02
d15a63f1-305e-45db-b267-f2c51706683e,stade,50.600976,3.002763,Lille,56.22
a95141e0-5b40-44b7-a6e3-ea39192bc7cf,cinéma,50.571686,3.049823,Lille,86.83
8bb520bc-2c71-40e9-a54c-627e8e878e7e,centre commercial,50.666609,3.016031,Lille,87.16
0cabe2d9-429a-488a-afb3-5b85d3ef8daf,stade,50.581224,2.999234,Lille,28.14
6b8de1ac-5919-4cff-8086-88c74aa493a2,restaurant,50.565967,3.009242,Lille,43.05
1852c3d6-14a0-4c7e-9e15-fba14d4ac7f7,université,50.622624,3.112964,Lille,92.24
52cdd387-1501-4e3a-92db-cbf89099d7eb,gare,50.654493,3.144923,Lille,44.48
725ab3d1-dc52-4846-9564-145f20665dc5,gare,50.701704,3.120733,Lille,83.38
c5eb2c91-584c-4c6b-af4f-d4df3c49df69,stade,50.691012,2.970457,Lille,99.4
dadadf5e-4633-42e3-9950-164165e22969,université,50.646241,3.026953,Lille,37.96
08bdb996-ada9-40ed-81ae-68b32429f7b9,université,50.611592,3.079613,Lille,69.45
a45aec84-3527-4d6a-812f-7c8594e92dae,stade,50.552449,3.100868,Lille,25.04
1fcabae9-f5c6-4c93-865c-ba9725df9c31,aéroport,50.587587,2.976284,Lille,29.11
60e4643b-1677-4958-96d5-9e2005387a06,université,50.680712,3.074561,Lille,62.17
f0683c42-3366-4e9d-97d7-aa0fc3fb347b,université,50.67509,3.136105,Lille,48.25
54d55cbf-f0b6-40c7-a40c-3978a4dd1d61,université,50.600489,3.097756,Lille,68.2
927a02af-56f1-4291-b643-9144b32bcb90,cinéma,50.561503,2.983939,Lille,87.77
0f2e276d-8a7e-47c7-8054-c5a3f974fa8a,université,50.553959,3.058034,Lille,56.51
2982a90a-d6b5-48bb-87cc-8f62904898ea,université,50.651222,3.062211,Lille,90.74
8172db3e-c3e9-4196-bb19-391ef43700fe,cinéma,50.595056,3.107362,Lille,31.88
12090129-5159-430e-b609-116a2bf1cbb5,gare,50.702706,3.135915,Lille,24.87
5f03b2e1-2e7b-442d-9809-b03323bc7db0,université,50.54664,3.146087,Lille,80.26
c0883d41-9836-44c4-9323-d650a467c7b9,restaurant,50.675122,3.010147,Lille,88.97
f79b1e2c-833a-45c0-9ebb-d95ff37226c1,cinéma,50.629065,3.036773,Lille,32.49
0568da00-9ac0-4711-82f3-4c960a924627,stade,50.711064,2.995185,Lille,30.52
57691e20-912e-4d33-866b-41cf70f20b06,aéroport,50.606952,3.061827,Lille,65.29
196ffb68-e4a1-4574-8e13-787722ff5d84,restaurant,50.620221,3.008261,Lille,62.06
1513819b-b48c-4009-9617-c22f933c97be,université,50.651323,3.124876,Lille,35.55
11dbf892-6707-4c01-8e81-13b93d364815,cinéma,50.691461,3.052484,Lille,51.78
aa14eae9-cb0e-4375-8b04-a51c47e9476d,stade,50.604666,3.114161,Lille,46.06
ff14c2e6-63b2-4fb2-9c4b-5fc7db84d461,stade,50.56976,3.068847,Lille,71.73
c4d71be3-e8e8-4ee9-95a0-c40defeceff3,centre commercial,50.664403,3.128059,Lille,77.69
1e65e489-b6d4-4d0b-9838-80de64281ec6,université,50.718625,3.039162,Lille,63.82
f998aa55-9e17-4c6f-96b5-d669753e10b3,université,50.550058,3.072797,Lille,97.67
c038a55d-939f-4bc0-b246-4ea6670c9865,aéroport,50.55833,3.053102,Lille,43.85
758209a9-6e1c-43e9-8dc4-522708380912,stade,50.545048,3.08185,Lille,65.05
6337e9cd-1127-46eb-bead-a3a951ae23c5,centre commercial,50.704083,3.090419,Lille,21.85
7e306bb7-dc02-47e8-b8c7-4f56a42f87a5,cinéma,50.693339,2.994616,Lille,36.31
4ad57f37-9bad-4956-b009-3e81b18add2f,université,50.544533,3.101763,Lille,81.27
6448bd09-9560-4c08-848c-15140fe13abd,restaurant,50.613188,3.092641,Lille,52.16
d6e6812c-f7da-4348-93d2-bb0d6debb758,restaurant,50.590705,3.054011,Lille,39.6
7edbb338-a8b8-48fa-ad75-fd0bbb56cef0,stade,50.676064,3.028147,Lille,40.88
4047961f-9b48-4209-af36-bfff6654a971,gare,50.585321,3.078961,Lille,28.39
db39d8b6-323d-475e-8539-c9f595eb5695,cinéma,50.658085,2.974459,Lille,58.61
ae9038d9-64d9-41c1-9349-d5bc2ff49715,cinéma,50.645382,3.023125,Lille,89.41
05a68408-553d-4477-a098-04fd1af7af17,centre commercial,50.675747,3.109806,Lille,41.43
c43344ac-1533-41fe-9e20-1edcc00c8eb9,centre commercial,50.660745,3.139258,Lille,99.11
06a940cf-80c4-4ddf-82c3-622691fb045d,restaurant,50.659983,3.102311,Lille,41.22
4e09caff-7ffd-4e98-b381-ab6d4c22f9af,université,50.682143,3.10855,Lille,22.64
31bb1b41-31af-48e9-a52a-5ed7b3205cf9,restaurant,50.67039,3.017541,Lille,45.24
9360ea9e-e892-45da-b018-0a2ad57398c0,cinéma,50.628431,2.977051,Lille,35.74
a2db4038-6473-4fd0-a116-175c8d4d974c,gare,50.567301,3.017062,Lille,97.12
a5bd664b-c8aa-4039-be4b-db02c0b28283,gare,50.565663,2.978192,Lille,97.07
9276af83-2bed-40e2-87aa-c714db56010d,stade,50.718305,3.120742,Lille,69.01
5be80f61-c9b5-45cd-868f-6b9ae9d216a1,gare,50.560576,3.138237,Lille,25.44
d2339e7f-6aac-4fd4-9030-72d2f8ecad1f,gare,50.686417,3.07765,Lille,69.31
7d16964c-1145-41f0-bd1e-b38cedc98e88,restaurant,50.688212,2.975891,Lille,20.53
b73fec55-99ba-44e6-81c2-ebd11bbc2d4d,restaurant,50.612338,2.974655,Lille,39.33
9bc90ea7-3630-4d0a-9b1e-c5e0c243383c,stade,50.555032,2.984173,Lille,100.0
a3c8f7bb-618f-4054-97e1-3dda79ce84a7,restaurant,50.700991,3.057552,Lille,51.77
5cacf7a2-13b6-4b57-a597-8bd6d7448663,stade,50.717689,2.989841,Lille,50.34
82ce5d0c-69ea-4eb8-ab0b-6778dfcc384a,restaurant,50.58796,3.071418,Lille,56.32
cf03ab71-f67c-4ec2-82fe-7752b5bc598c,cinéma,50.616704,3.125648,Lille,29.65
bbb6c587-1240-4fc1-baed-a133fce0e029,gare,50.547644,3.082959,Lille,50.83
a27c01ec-9347-4098-92a6-3fabc6c0bc94,aéroport,50.62612,2.977918,Lille,68.33
a6b9a5ee-3d21-48a1-8f58-da95ef9f49b3,aéroport,50.551859,3.045622,Lille,82.25
2ce00057-d587-418e-b0b3-eff86c8882a8,université,50.6029,2.983741,Lille,20.95
70c6154c-4d5e-4740-bc29-d6c5b9564721,aéroport,50.670959,2.983087,Lille,44.79
5490707e-9ef1-47cd-b86a-9ca66fdab718,stade,50.67728,3.027458,Lille,63.77
8ee5f4e3-7725-4fc3-ad9d-b48ff0b1d30d,aéroport,50.569353,3.022065,Lille,61.13
2e98ee64-3c5d-4cf0-98ac-d9c9c6512839,restaurant,50.618711,3.03254,Lille,23.76
aba911b3-777a-4053-a511-606610f58e64,gare,50.61774,3.000865,Lille,45.99
ebb238ac-225a-4320-b29e-993ed61914ac,stade,50.710052,3.14196,Lille,88.68
51865632-5f5b-455d-afe4-56fb12d59857,université,50.627569,2.969128,Lille,28.57
a6a9cd64-19ae-4358-942c-e5f3917cfbec,centre commercial,50.674721,3.096632,Lille,98.7
73fff788-8c99-42dd-b163-bd0007c83ff6,restaurant,50.639202,3.075338,Lille,34.92
f172721f-1f03-4fe8-9cbd-56ba24f0d384,aéroport,50.608245,2.995633,Lille,33.37
0a2f570d-0b4e-4c25-920e-110014ef17e5,cinéma,50.654579,2.97491,Lille,39.57
33379f49-d4ca-4029-9bba-422d030c05f2,restaurant,50.547296,3.074466,Lille,28.56
04fe91d1-7fd8-432b-8a78-1f58d8311301,gare,50.565108,3.074818,Lille,24.61
730e7c32-d576-4505-a4c6-a17b5994c0b1,université,44.875698,-0.605787,Bordeaux,74.02
4fd6265c-8a22-4c80-92da-148fe447064f,stade,44.780005,-0.57432,Bordeaux,42.07
64e642e0-ffea-4d14-a3fe-bdb82b4088cd,aéroport,44.920672,-0.584731,Bordeaux,72.59
4f2b1360-44a6-442c-8ec8-a2c22f8ae7c7,aéroport,44.921585,-0.578519,Bordeaux,56.24
201b0dd1-b33d-48bb-b13c-8ba0b73ab6a4,centre commercial,44.925158,-0.512023,Bordeaux,23.75
c3775a8a-2b68-446c-8c66-4b992adbc6f2,cinéma,44.864214,-0.526494,Bordeaux,56.32
a939f066-e45d-42bc-a3ba-6df5dc596b5e,cinéma,44.920095,-0.542436,Bordeaux,99.64
4176acd9-c4ee-4c5e-b12d-255900999b89,université,44.751129,-0.65159,Bordeaux,83.48
af0aaf37-afcf-4a47-af61-9f7b62e0db09,aéroport,44.92748,-0.661351,Bordeaux,24.04
b23f81de-e3f4-4be3-bdd1-39b0b8bcff83,aéroport,44.784092,-0.616777,Bordeaux,39.57
a34cfbc7-51fa-416a-bbd0-d849d14f61a1,gare,44.877722,-0.612627,Bordeaux,30.68
1ac820d2-1361-46af-97a1-fbb7ad154789,stade,44.794141,-0.660094,Bordeaux,36.25
e1f1aa53-47d6-44f3-bad2-e1b88122d1c4,cinéma,44.843463,-0.663143,Bordeaux,43.59
48853c57-d1d2-4969-881a-805e33fc8a8c,restaurant,44.864218,-0.639467,Bordeaux,81.33
b92a01b2-b45f-40f9-b723-45c0069784a3,gare,44.7627,-0.581878,Bordeaux,63.41
5a3c22cf-5955-45f1-a9e1-568a7cd3a7b1,université,44.79327,-0.618203,Bordeaux,66.03
909260d1-97b6-4c93-9b55-8302b6b524d5,restaurant,44.818284,-0.636407,Bordeaux,33.37
fce86492-01fe-4be5-975e-09c869021272,stade,44.827403,-0.495154,Bordeaux,86.72
f41026a1-fe95-4e8a-bdcd-1b0a63f180cd,stade,44.880719,-0.564789,Bordeaux,32.56
8d07c37d-cae6-4afe-8d3d-d70338536c81,stade,44.820753,-0.664923,Bordeaux,78.51
405bafc7-3064-45e1-a2ac-12ecb46030f9,gare,44.763371,-0.533298,Bordeaux,51.72
a1994eca-67dd-4f72-b2b4-41567ca9f3a8,gare,44.919288,-0.507167,Bordeaux,21.53
c2c9fad7-63c6-4a59-a715-abca2ac464e2,centre commercial,44.869363,-0.615011,Bordeaux,66.19
c3b9eb49-0edc-45ef-aed4-13feade480d0,cinéma,44.780718,-0.655648,Bordeaux,66.46
fe551903-86f1-4303-8da5-8343a984d5d1,université,44.79665,-0.610123,Bordeaux,99.13
51fe199d-09ca-44ca-9ea9-193928b2535f,université,44.894278,-0.518314,Bordeaux,73.62
a38f6870-bd3f-450b-9382-db06340ef242,restaurant,44.918196,-0.630771,Bordeaux,87.49
22bdebe0-a3dd-40b6-9649-c65a36a9502d,aéroport,44.864198,-0.647212,Bordeaux,64.39
8df324af-9237-4055-9f86-09cf1a2e2692,stade,44.75593,-0.605156,Bordeaux,25.91
0dc00f79-25ba-4020-b8b6-85c5dc2c7a7f,université,44.823451,-0.630562,Bordeaux,21.0
b1eb2028-6382-4541-98d3-3acbe5d0a5e4,université,44.878209,-0.645544,Bordeaux,81.65
6e663efa-f203-404b-8964-081c538e4e2e,cinéma,44.900126,-0.490995,Bordeaux,78.58
a76ca9ec-b7a7-41e4-9df8-aa544a984996,gare,44.881945,-0.532994,Bordeaux,85.57
4543f381-3a35-402e-b979-cba5772b41e6,stade,44.87691,-0.632577,Bordeaux,47.5
100f946a-8216-4b25-9c9c-d074483098d5,stade,44.877539,-0.642661,Bordeaux,97.4
52bd7401-377e-418e-80a7-cf03ba60f5eb,université,44.912897,-0.544259,Bordeaux,98.04
fd6d2cce-e91a-4153-97b0-9f4b02af1ebc,gare,44.807013,-0.617851,Bordeaux,39.33
9549ddfd-9aa5-45fd-9def-1c294f737256,stade,44.792006,-0.530545,Bordeaux,97.79
bd4855d9-3773-43d2-aaf6-a5e0c2c14222,aéroport,44.862012,-0.51951,Bordeaux,73.69
e4629fae-0d8a-4844-88a6-b07cdaf48b5a,centre commercial,44.89577,-0.566493,Bordeaux,81.2
193f9709-b335-4686-97b7-953672309daa,aéroport,44.787723,-0.558481,Bordeaux,26.51
d1b4cfab-3d4e-44f8-835a-493216230bb8,centre commercial,44.812141,-0.50871,Bordeaux,77.56
b76efbcc-dffe-42be-8621-5ece0f5363d8,restaurant,44.911601,-0.601898,Bordeaux,76.57
f5f1c799-3d18-4ef1-9879-35acc2275bc1,cinéma,44.923174,-0.646475,Bordeaux,61.62
fde4cbf3-f52f-470c-a177-111d98a9b1a8,stade,44.754768,-0.562406,Bordeaux,67.45
240f5d3f-8b9a-4951-b0c7-ea8e4023108a,cinéma,44.882183,-0.616509,Bordeaux,71.89
43c88eaf-72a3-4ae5-b219-eb7c00a395d1,université,44.896248,-0.558665,Bordeaux,58.99
058e68fe-eab8-44ce-9d14-a8b46813b30f,stade,44.800442,-0.613564,Bordeaux,74.25
5f412e56-7437-49ed-bba2-359e3893b830,restaurant,44.864885,-0.570903,Bordeaux,93.81
c60427b9-89ed-4cd0-934d-a92bfefda7e7,stade,44.911392,-0.557556,Bordeaux,38.03
463f419e-4722-4ec7-8ac4-261913bcac5b,aéroport,44.794698,-0.517545,Bordeaux,49.8
b2e5335c-4e5d-4480-99d9-703936fc541a,restaurant,44.815778,-0.661665,Bordeaux,77.84
4f317d4a-2670-4d5e-9d4b-1bd8303054a7,cinéma,44.902364,-0.550701,Bordeaux,80.94
e505e33d-cbd9-4b84-b90b-a5a8be2f1e6a,restaurant,44.884177,-0.639381,Bordeaux,99.65
7e55bc8b-5242-4421-a708-2458e0bba502,restaurant,44.772453,-0.645606,Bordeaux,85.62
07d63e1b-8a37-4694-8512-ec8034f353eb,université,44.787403,-0.558494,Bordeaux,88.49
3edb1525-9af8-4f2a-8f12-863f7df5599a,gare,44.880879,-0.522578,Bordeaux,86.79
d158108e-f6e5-48c9-8b0b-4ae35a8eb737,gare,44.889591,-0.523338,Bordeaux,87.52
77249160-1548-4d54-92f1-e8ac3272af21,gare,44.758519,-0.540265,Bordeaux,49.92
debdad01-373e-4b2a-959c-dfbad5a0f725,centre commercial,44.763998,-0.499017,Bordeaux,58.88
2629af56-b991-40c6-8b71-bcbb4ee6c402,centre commercial,44.799643,-0.525213,Bordeaux,77.57
3af6a094-0912-45c9-9cac-eb0baa0182ac,gare,44.847257,-0.558459,Bordeaux,31.91
04a8fb75-3858-44fe-8e2b-af90dd4a6bc7,stade,44.901301,-0.593108,Bordeaux,20.3
6cd2d2c7-aecf-4332-a440-ace3c2ef1b33,restaurant,44.832096,-0.662634,Bordeaux,39.58
a3ba7664-1a67-4843-9e41-f142816638d5,stade,44.855305,-0.649286,Bordeaux,55.27
8f5e3977-068d-439c-8f6f-4462466beabc,université,44.90911,-0.625183,Bordeaux,87.69
4d6f4ee0-06a6-4d81-9eca-2ec08879892c,gare,44.785036,-0.538198,Bordeaux,28.62
de1cb6fb-bd0e-4f20-8b22-f1d3ae0c88f5,université,44.875555,-0.495708,Bordeaux,72.67
ba207fe3-bfed-415b-9ca6-dcbfcf53a219,restaurant,44.827117,-0.50898,Bordeaux,83.1
039fe859-6250-46cd-8954-33435a83286c,stade,44.828756,-0.581511,Bordeaux,30.32
4c000c43-5bfc-4521-9cf0-83388fd3e9b8,cinéma,44.800405,-0.584788,Bordeaux,25.91
194d520c-b1a9-4f00-a266-d573082ba24b,centre commercial,44.752028,-0.507449,Bordeaux,92.17
10a02079-bb68-4ef1-b6ce-42de5fafa91f,cinéma,44.922322,-0.612633,Bordeaux,63.3
6764c049-0328-48c4-a24f-36b1d285d1b5,gare,44.907549,-0.62601,Bordeaux,22.59
c1284caa-1658-4522-9b0c-9cca36883b61,stade,44.813499,-0.639349,Bordeaux,69.19
4b6a8b58-16aa-4323-8e59-063f9442feb7,centre commercial,44.90286,-0.573076,Bordeaux,43.96
52235820-de38-470b-a588-245a8c2a4d6d,aéroport,44.816278,-0.578891,Bordeaux,81.03
2cc49ebc-7072-4d56-bf19-3ed605899b2a,gare,44.822323,-0.651651,Bordeaux,74.06
7d598a68-d6fb-4707-9d0b-986cce4a4d68,gare,44.834976,-0.560728,Bordeaux,69.55
35a6b6dc-7b91-4d61-b1d4-27f63c477cf1,aéroport,44.835849,-0.626489,Bordeaux,38.91
ffc37df0-be2e-4240-8023-26d39431de89,gare,44.922388,-0.655083,Bordeaux,25.75
d8d6dfd2-2ce1-40df-8f3a-9dd982aea87a,centre commercial,44.752286,-0.57451,Bordeaux,37.72
35598df3-de82-4259-9a56-c2604c7f1d77,cinéma,44.889955,-0.588266,Bordeaux,69.37
5f4cae6e-2424-48f9-b813-2077598afec4,gare,44.806977,-0.637988,Bordeaux,69.07
ebbfd82c-dff9-47e9-8626-bf9d4954d7c2,centre commercial,44.851224,-0.4937,Bordeaux,27.22
de77c11a-1898-4a1a-a993-79de8ef7b5a3,université,44.764668,-0.549584,Bordeaux,34.24
c796af24-9725-4f6f-bd4c-14302b1f6a92,cinéma,44.813986,-0.596768,Bordeaux,86.69
1dc24dd9-211c-4288-ac09-190c9011b81a,restaurant,44.889877,-0.661935,Bordeaux,58.62
a1f2d24d-4aaa-40b4-a943-516d08a17528,cinéma,44.878134,-0.529946,Bordeaux,96.77
97dcb383-fc2f-4829-bc76-5a3e0643e608,restaurant,44.789468,-0.527237,Bordeaux,86.77
c0bfc2e3-3aa1-4741-8e78-9a02ce12a464,université,44.754584,-0.506189,Bordeaux,22.21
0e9501b1-7c90-41cd-bc5d-d8741c195806,centre commercial,44.869897,-0.600457,Bordeaux,53.96
77634626-ff18-4132-816f-ff40deddd2b7,centre commercial,44.751887,-0.501544,Bordeaux,71.26
21a5bea7-296e-41d2-a9b8-59999b958498,restaurant,44.918209,-0.549605,Bordeaux,61.13
ea7f5947-9f6e-4bdf-89c8-e36b3ff0aaf0,cinéma,44.813581,-0.51364,Bordeaux,31.58
13b57d8f-0320-452e-9b66-8a6cdc7bbce4,gare,44.838612,-0.655779,Bordeaux,32.46
d67fac9d-537a-4d74-837a-de8deee24abe,stade,44.81477,-0.540084,Bordeaux,57.54
868200b9-ef55-4e27-8503-4660dfb606e2,gare,44.790896,-0.50126,Bordeaux,28.17
6bf098ad-e05d-41dd-b656-0e2c60be5b87,gare,44.832673,-0.498225,Bordeaux,34.74
7f6150d3-3114-4d5e-9b91-9a5387f2da0a,cinéma,44.856326,-0.503083,Bordeaux,88.83
6975365e-61e5-4902-9b37-077318b2a944,centre commercial,44.765565,-0.537788,Bordeaux,49.3
986301b7-1fa5-4e2a-9151-c696b54b8060,aéroport,44.804192,-0.567666,Bordeaux,78.37
af3dc57e-e2d8-44b4-8af3-462467fba7fc,restaurant,44.840994,-0.524719,Bordeaux,73.4
1126ad71-a604-4f2e-b2b0-f35ad4233d5a,centre commercial,44.847927,-0.649251,Bordeaux,40.2
07a11f50-2bfb-4737-bc6d-08058b6ed413,restaurant,44.846705,-0.639674,Bordeaux,30.69
f4b31986-d7ef-41c8-a9b1-bfaefbc28135,université,44.789959,-0.585172,Bordeaux,30.7
4c2e3c4f-8069-48b5-b69e-14de9b4ad50d,cinéma,44.867186,-0.531768,Bordeaux,39.88
e6fdc6f9-fdaf-49e8-9db6-68fb288d990d,restaurant,44.900526,-0.629255,Bordeaux,23.33
202a3840-92f0-4320-9ca2-e26b72b6bd36,restaurant,44.865013,-0.557354,Bordeaux,91.55
50afa77a-e96f-422a-97e9-cfa06f6c09ca,aéroport,44.92362,-0.53468,Bordeaux,30.42
d3320f03-2d26-4f61-a6d1-939c31adc9b2,gare,44.876275,-0.595975,Bordeaux,30.89
8ed3b4d5-da05-48d3-88ae-9a25cf89c669,gare,44.791487,-0.587802,Bordeaux,29.09
fd6ba760-c29e-4a82-a3d4-28889a8c171c,aéroport,44.76843,-0.598203,Bordeaux,99.63
e12c7f76-e636-49ac-afd3-9f8f23f5c600,gare,44.90393,-0.500423,Bordeaux,70.05
9def4f4f-ed6f-48f4-988b-573b61ef09cb,aéroport,44.782633,-0.570428,Bordeaux,61.93
ad2d47ff-be85-4602-90c2-f2bb6a4f72cd,stade,44.768403,-0.543013,Bordeaux,94.49
867fa476-48d6-4130-bb59-37286dacfde5,université,44.783738,-0.522843,Bordeaux,54.39
a65ccae3-2ec5-447b-b7bb-796909da8375,cinéma,44.769969,-0.602837,Bordeaux,64.5
e0b2486b-07cf-4b68-ae8a-ce00e3d3578f,centre commercial,44.92395,-0.626803,Bordeaux,54.37
fb0e1ec8-97c7-46b4-8b52-6a8a840215ec,université,44.889826,-0.51396,Bordeaux,42.07
2e695e67-aba3-4036-911b-dd9d83c7541c,université,43.628313,1.484105,Toulouse,80.37
c50fbcdb-1de5-4b32-8cba-be6127cfe251,gare,43.599227,1.418439,Toulouse,49.94
ef9e315b-ae3a-4afc-a9be-d9683dd32132,université,43.671724,1.417456,Toulouse,63.96
fb192880-be9c-468d-97f7-f7f23a35978e,gare,43.671305,1.501621,Toulouse,47.96
f7d9f950-1394-4640-a507-e019cde9d7b3,gare,43.550613,1.386144,Toulouse,70.28
427175de-7e5a-43a5-9a1a-7e42655cabd9,cinéma,43.520048,1.359626,Toulouse,57.23
ebe3027c-d93e-4f2f-ab92-0e9d4c35bacf,centre commercial,43.641802,1.427371,Toulouse,57.46
3b1116f5-e0c0-4774-910b-40971bf76b52,centre commercial,43.616374,1.431404,Toulouse,30.05
d9955c8e-09ac-44dc-b4ec-552d0350894a,université,43.521595,1.524308,Toulouse,69.92
5e5e606a-5258-4317-aa40-a767a3dc69b7,aéroport,43.661889,1.466718,Toulouse,61.5
b21986ca-ba8a-4e31-8e5c-3e1939fbb0d5,restaurant,43.648095,1.367441,Toulouse,83.25
5d107010-2c48-4603-b825-07f78e224c26,université,43.573355,1.457004,Toulouse,22.65
93edebc6-cb4f-495a-b783-5ccdb22cb5f1,centre commercial,43.550688,1.443176,Toulouse,93.51
4da668e2-bfdf-4ec1-b452-668dce55ee19,restaurant,43.562779,1.37014,Toulouse,70.2
517fb06c-e2d8-4b6c-bcf8-7baf891bc641,gare,43.635891,1.503416,Toulouse,81.48
eae393e0-ccad-4a58-ba99-41677f98e6d4,aéroport,43.516579,1.522135,Toulouse,79.54
aafcbb86-1b30-4029-ba92-ee0b6ba9481d,gare,43.605588,1.395109,Toulouse,77.15
c72f5d3a-64ad-49ee-9e64-b6f850d144d5,gare,43.612646,1.450209,Toulouse,72.91
f7e01c37-db8c-43c0-b225-eddda63463c5,université,43.574869,1.387484,Toulouse,25.27
8d50e0bd-1a9d-4aad-b623-64b5e846c6fb,centre commercial,43.580087,1.433905,Toulouse,24.08
44c0e775-e86c-46c6-8cfe-add076ee911a,centre commercial,43.51563,1.372188,Toulouse,32.37
4d5c3f1f-3af6-40b4-8c0c-fdc1ebe517be,restaurant,43.578966,1.519022,Toulouse,97.4
4b6ce0be-5dd3-4da2-bce6-3c40fddfb18a,centre commercial,43.585862,1.381309,Toulouse,32.05
1c6ea983-0964-4daa-a23b-68c69c2a9488,restaurant,43.645527,1.496082,Toulouse,82.11
c4160ffd-9a8e-4804-8f43-27b764319f7f,aéroport,43.541712,1.433024,Toulouse,37.64
82beaafa-0216-4e4e-901b-07b2e1150963,cinéma,43.567095,1.46088,Toulouse,80.43
82ab19e6-b785-4ce9-aef9-fc55d75d0943,centre commercial,43.523758,1.491874,Toulouse,90.15
063fc116-fb83-4abc-b30d-29426572c4af,restaurant,43.528557,1.371014,Toulouse,92.42
39b9cf81-6db8-4cb1-ae74-50af423ca065,centre commercial,43.666837,1.518054,Toulouse,88.81
01aef59a-ebac-44d1-b1bb-d676ad66167a,cinéma,43.587026,1.38371,Toulouse,26.82
b8840023-9e11-4780-9bf6-dff9a163da49,cinéma,43.528793,1.405413,Toulouse,44.68
da345f06-fefe-42b0-9520-679086ec414b,centre commercial,43.5544,1.508581,Toulouse,85.87
25762624-91f5-430b-a0f0-daf77ed3d1b6,cinéma,43.581838,1.40671,Toulouse,44.86
952badc5-e167-400e-b9ad-7d5bed17d49f,stade,43.628409,1.468881,Toulouse,93.1
0327555a-e950-4c33-a0c6-ea5f1021fb72,cinéma,43.594469,1.497356,Toulouse,38.86
82f25db9-30f4-4dc6-b18e-3d72e63d5c16,stade,43.659986,1.382155,Toulouse,78.67
48fdc2f9-ae46-434c-ba55-698a6e3e2ca6,aéroport,43.524092,1.418817,Toulouse,81.64
f0ef2528-68e1-4222-9c52-1146e788aae2,cinéma,43.668698,1.420864,Toulouse,78.64
b0be3979-c862-4d4e-9949-cc874af23091,restaurant,43.588101,1.47992,Toulouse,73.14
1569859b-38ef-42fc-afb0-b71249b96932,cinéma,43.643958,1.465529,Toulouse,33.09
a3ee7607-0606-4072-969f-45a1590dd912,gare,43.599065,1.420932,Toulouse,58.28
8d93fc38-4c3d-46fe-a5a8-348790be1e6e,stade,43.591222,1.448646,Toulouse,58.05
ca14fd6e-50bf-4da2-b131-8be3e63cfec5,stade,43.656747,1.528032,Toulouse,68.43
6bca22c7-5943-4061-a233-8378927d5245,aéroport,43.527974,1.396128,Toulouse,54.22
7acc285a-c799-43d8-91ae-86e6135709c1,centre commercial,43.602884,1.449047,Toulouse,91.96
623ee3f6-8c46-4493-83d4-69b56479014b,gare,43.519444,1.366106,Toulouse,43.68
80fd70c6-a813-49e4-a4cd-94040c8976d1,restaurant,43.656914,1.418557,Toulouse,28.54
65414463-a31f-4e69-befd-99cbf4279986,gare,43.588669,1.408067,Toulouse,70.37
e184d1ff-318d-4256-8328-df7a570717d9,gare,43.614123,1.5188,Toulouse,48.77
71308f0b-96ce-406c-a054-07b21f529f3b,centre commercial,43.619683,1.40334,Toulouse,29.85
5840efd0-eb66-4930-a7e2-424ec756c814,gare,43.538036,1.412272,Toulouse,74.41
fd610263-f9cd-4935-8a1c-c1421723954f,centre commercial,43.665528,1.458441,Toulouse,22.09
46aa12dc-32a8-4eee-b35d-2c4bcdcf0b4b,université,43.618708,1.490628,Toulouse,53.59
d1337cef-f0ab-449a-ac20-5fe62d130ae4,aéroport,43.584523,1.530356,Toulouse,55.23
372b7df1-ff25-4803-b301-8aca9dd23caf,gare,43.605924,1.418121,Toulouse,61.92
15e1d4f1-40a1-4cb2-a3a9-de0f331652aa,centre commercial,43.575644,1.386926,Toulouse,52.32
089bb47b-5af9-4bf3-aeee-4c7bfa835b92,université,43.642808,1.458719,Toulouse,37.96
0b1e0ac3-319c-4a3a-889c-ac8cb3fbac81,cinéma,43.569123,1.475781,Toulouse,27.8
23cb46d8-a12d-4091-8c88-30ad21dfbb99,restaurant,43.584326,1.41961,Toulouse,43.82
76f174aa-57ad-42fe-8280-7cf72a75da09,gare,43.661639,1.474307,Toulouse,55.29
c1bbfc46-ac12-415d-ba18-defae2601cb0,gare,43.535595,1.415554,Toulouse,94.5
452ce53b-1d11-414f-b27b-297254443df4,aéroport,43.584145,1.440332,Toulouse,68.28
81120eb1-4a7c-449d-a7a6-d05513802bfc,centre commercial,43.533958,1.527367,Toulouse,64.96
365ff90e-5bb1-4bc4-883e-398e8b4b0990,restaurant,43.599112,1.41339,Toulouse,47.36
8a69069e-359d-4044-bd7f-4ebfc9d4128c,aéroport,43.597186,1.405649,Toulouse,55.9
bf7d6c2f-bd50-4afb-a06b-8c397f58bf27,gare,43.604866,1.395151,Toulouse,62.4
27c21c2d-dc49-4772-afcc-a26e1b135c6a,stade,43.624821,1.469697,Toulouse,73.66
c65ddb77-79e0-4d6a-abc5-4f5b81ffad93,cinéma,43.663732,1.495742,Toulouse,97.61
68d97eda-57e3-4342-9ed9-1fc6d49ff71f,aéroport,43.553065,1.385476,Toulouse,30.07
832d6557-50eb-40ea-8e25-3696c5276a31,restaurant,43.55963,1.460886,Toulouse,67.94
25141c41-1420-427e-9524-b8fc0dba19f0,aéroport,43.531456,1.401244,Toulouse,82.47
b50f620d-15d6-4a55-ac95-9caeb3b6b6a8,gare,43.559493,1.395743,Toulouse,78.15
19efa4cb-3240-4932-a54f-ecab06c22168,gare,43.617512,1.483358,Toulouse,68.54
8bb188f0-1a46-47ea-9479-6f152ea252d2,gare,43.630001,1.378993,Toulouse,59.42
fb338e77-e8c9-42e6-85d6-09f180939867,centre commercial,43.553222,1.371951,Toulouse,47.69
a013a6c1-c553-4d26-bf66-fdc7d99ac8da,aéroport,43.686259,1.496018,Toulouse,34.17
1e431129-3aae-4aa6-89f7-7f52f4ecffb5,aéroport,43.515346,1.483546,Toulouse,87.04
166e4370-b77b-4e87-a3f6-2286658fe991,aéroport,43.540343,1.358667,Toulouse,40.44
72814a32-d0a7-46f1-a3ed-bbc61ffdac87,cinéma,43.602502,1.415911,Toulouse,58.06
4933ad97-1ee1-46f8-8d88-2bea117a7742,université,43.679557,1.407602,Toulouse,35.95
627ab8a7-1c8e-4d52-b908-f744f57dc49d,stade,43.622655,1.380151,Toulouse,50.95
afe5d8a3-9fd0-4201-9e05-feb828a75d82,université,43.57675,1.480092,Toulouse,89.91
04283410-4d3d-4532-bfd0-3212de25004f,centre commercial,43.686429,1.529151,Toulouse,84.42
1f07e106-58e9-4b4c-b0c4-c7cf1d35bcf9,restaurant,43.641595,1.36855,Toulouse,78.25
da454697-cf08-4b40-812b-6f1ad84e2962,stade,43.546201,1.440835,Toulouse,76.95
42a22654-8700-4849-92b5-1661090ae99b,université,43.523885,1.474407,Toulouse,80.49
deb46d2c-01e1-42f9-b8cd-32f5242a7599,centre commercial,43.669341,1.416556,Toulouse,83.88
5075dd5b-980d-4ea5-b09a-5e07622165f8,restaurant,43.5928,1.416796,Toulouse,64.09
e631bba7-749d-46f6-9ff4-0d0ef8e1ccf8,restaurant,43.533058,1.420272,Toulouse,36.98
cdf95b12-ac5c-4133-9e51-bc9621170081,aéroport,43.637935,1.386941,Toulouse,74.34
ed07f7e6-2f5e-4a7d-9588-c042b1a8d044,gare,43.668397,1.426468,Toulouse,67.1
3202a6e8-284b-4b99-ac1e-b72f4e0d0b8d,université,43.603248,1.438283,Toulouse,98.31
6ce30f1d-90fb-4e14-91ab-5c7152f31653,restaurant,43.572532,1.529991,Toulouse,41.23
8b6b822b-2066-49f4-99f1-b0a6deef317e,gare,43.624401,1.42308,Toulouse,69.57
deec99fa-3763-4902-9c34-269a7791d417,stade,43.549428,1.464959,Toulouse,95.97
f065b7ad-c7ab-4404-9c66-5b6d0886e6d5,stade,43.587793,1.356893,Toulouse,33.68
274914ea-6710-4f37-975b-222eb2ea63c4,restaurant,43.623222,1.393445,Toulouse,48.59
cb657b81-cee7-4a9a-94df-80353599b290,centre commercial,43.679344,1.369382,Toulouse,99.62
fd4a013a-6a25-4ede-82f9-da270fbd0553,université,43.51661,1.410706,Toulouse,31.75
ca3d9cb6-4a03-4e7b-b2e8-edb9312d1aea,restaurant,43.60559,1.469534,Toulouse,30.15
d82180a1-37f1-42e3-8a29-05cd57d32698,stade,43.558182,1.518438,Toulouse,48.49
a00f9cb1-fc22-4bf3-94c2-c498e1cc315d,stade,43.581018,1.438319,Toulouse,42.43
07d24efa-6e92-405b-a81c-94857ce4c7e4,centre commercial,43.545658,1.514245,Toulouse,78.23
10f5cbd1-d847-499f-8a4f-21c501696a91,gare,43.670199,1.518027,Toulouse,28.52
a25d4dbd-3b70-410b-8e08-9f48b061fdc2,gare,43.607698,1.511759,Toulouse,67.26
8dceceb3-079b-4474-9ae0-779177c694ed,centre commercial,43.532122,1.462742,Toulouse,83.48
6a0ac450-ef3d-4c8a-998a-108f9b2677a5,aéroport,43.668426,1.516199,Toulouse,43.97
1dfbf845-3609-4ba3-a29a-12539bebfb8b,gare,43.62482,1.476154,Toulouse,38.53
a05b8b13-1d48-43f6-9e87-f4cf14dc5f2f,centre commercial,43.618443,1.450213,Toulouse,77.31
e848bb36-7b9a-4a7a-8d04-8de41c418a2e,centre commercial,43.598855,1.427371,Toulouse,66.69
eb4baeef-6330-4420-9fca-ea60ede65aa2,cinéma,43.601837,1.402039,Toulouse,32.64
d4cd0f8a-edcb-4d4f-a818-4a95d580631e,centre commercial,43.571659,1.503798,Toulouse,80.86
bb58a9f9-f703-47b4-9f1c-020992d05e37,centre commercial,43.535059,1.462373,Toulouse,93.96
61ea6b06-f26f-4b77-af70-97fa2b176e78,cinéma,43.608527,1.481996,Toulouse,50.19
4102dc1c-0325-4f57-a59d-b9dd07d0d713,université,43.599322,1.395207,Toulouse,85.68
35d5b9e0-8f2e-48ff-975b-2336ba1fab96,cinéma,43.654198,1.384198,Toulouse,90.13
ce68c682-156b-409e-b64f-cf33ec9c0ca1,université,43.556636,1.381485,Toulouse,77.26
a6d10c10-6db1-4c18-a25f-7223218e8e78,aéroport,43.668062,1.429195,Toulouse,68.94
2f0c3703-a333-47e0-a929-a2a3c43b4691,aéroport,43.559385,1.445271,Toulouse,35.72
a8f0997d-13f1-4974-8f3c-8fc52e4e7d68,stade,43.540434,1.378534,Toulouse,78.2
d4445a7a-ed80-4da4-ac32-644abae37e52,restaurant,47.233907,-1.606776,Nantes,50.88
74f17c80-2de1-47c3-bc6b-9edd8f9431a3,aéroport,47.191681,-1.498282,Nantes,58.11
2cd5e346-498c-4009-8d45-3145037362b2,cinéma,47.224551,-1.50166,Nantes,75.67
a6c1869e-9c7e-4b4a-b03d-6d760b5046a6,gare,47.29508,-1.595721,Nantes,93.83
30be74fd-7ee1-4e07-bc35-daa5a6d899da,gare,47.20885,-1.567833,Nantes,51.95
040b4e35-382b-4fb9-990a-526a04d714dc,aéroport,47.130297,-1.50124,Nantes,36.52
755030fd-c2b7-41ce-9236-bfd990e8e9d3,gare,47.177708,-1.64283,Nantes,64.17
458be7cf-ad7c-4348-824b-54bec036a472,restaurant,47.233163,-1.527475,Nantes,71.97
bf7917fa-a872-48b9-b4e2-b17845ea6e5e,centre commercial,47.163879,-1.494975,Nantes,99.44
878f31bb-e387-4ec1-8039-69af0c2f2a73,stade,47.191481,-1.600991,Nantes,34.86
0f74586b-adec-4133-b0d2-6615eb3cd347,cinéma,47.161967,-1.481368,Nantes,49.91
206222e4-7068-460c-84e5-3a54a7a628b8,cinéma,47.28397,-1.633222,Nantes,66.3
1fbde075-a6c2-4120-8640-118db1ecf50a,centre commercial,47.225964,-1.601144,Nantes,77.8
8758a5fd-d6e5-40e9-a62a-480871b3428b,centre commercial,47.173903,-1.470274,Nantes,56.6
d752b2ec-d6a7-41d7-a00d-cfcf8706c444,cinéma,47.250504,-1.574398,Nantes,65.96
2d21a4aa-418d-4dfb-bc89-e103e1769db8,gare,47.242234,-1.540599,Nantes,62.04
733ca856-327e-46d7-8cd5-df16753c31bb,gare,47.21937,-1.539617,Nantes,99.21
4d9b1971-d7e1-4d56-90c9-6eb71b438018,stade,47.201711,-1.577804,Nantes,46.84
8bfd0162-fc08-4baf-9b20-3aa90250d5df,aéroport,47.200649,-1.476175,Nantes,31.67
099ef816-7c7d-4234-83d0-2e647b14cfb2,gare,47.129352,-1.529833,Nantes,49.97
e3e34733-7984-422a-8708-48cff2773a74,université,47.164258,-1.570209,Nantes,35.1
1639d953-50dc-4bcf-86dc-1982baec8366,gare,47.196517,-1.481466,Nantes,71.0
9ded0c60-4770-442b-a6ee-e4eaf189d6a5,gare,47.25102,-1.605252,Nantes,28.56
7b5b03c5-4f77-4183-815e-3dc73679cefc,université,47.193739,-1.517455,Nantes,51.82
3c90506c-cd41-4af5-9798-be9b310b6ac1,aéroport,47.138879,-1.579433,Nantes,62.39
9e5d0114-e270-489c-b06e-bfa46c1668b4,aéroport,47.261665,-1.643304,Nantes,87.1
ce4fd2ec-90c6-40cc-8d9d-cc74fee6532f,cinéma,47.274573,-1.537034,Nantes,68.4
1d8e6cd5-02c9-4c2c-bbf8-c9629a82ae15,université,47.178885,-1.547104,Nantes,77.08
251379c4-c9cb-4891-88e8-a116bd454f7a,université,47.304946,-1.514125,Nantes,36.36
cdd6b165-4022-442b-b366-1ec55fa406b2,université,47.250881,-1.636148,Nantes,21.19
e0a85821-93fb-428a-92d8-652b09741bbe,aéroport,47.171796,-1.556213,Nantes,75.74
0b1ffe47-042a-4a1f-81ac-7a918ab7c6b6,stade,47.278391,-1.623691,Nantes,70.9
beee8acd-732b-4768-a47a-31ccbf41ba88,centre commercial,47.234511,-1.603305,Nantes,50.21
e766d195-a6d5-453a-82f1-12ad0491eaf9,restaurant,47.237505,-1.620876,Nantes,20.84
06ec16f0-e407-4511-a826-d302889601a0,université,47.226585,-1.624121,Nantes,89.94
bef30628-9721-4b5a-8091-4d8edb87fc49,université,47.178533,-1.510069,Nantes,98.45
16e53090-dac5-4839-8fcc-6d7662357026,centre commercial,47.220004,-1.583765,Nantes,81.41
b7138ec8-f038-4dac-b636-552a01ca1dc4,gare,47.2342,-1.491178,Nantes,51.68
a1a973f5-d30d-441e-b68c-f4bcb7262484,université,47.134281,-1.50944,Nantes,62.98
61fba105-b64e-427e-b9d8-d3a7ab0626c8,gare,47.173914,-1.617595,Nantes,63.32
4919bd08-567a-4c0b-959d-32b338a82b1b,stade,47.184658,-1.537649,Nantes,53.14
2cbf6498-d4de-4f03-9921-ae5a93b9020c,université,47.252024,-1.474162,Nantes,42.86
33233b58-94a7-49dd-a408-6f9e5a50a28c,gare,47.192055,-1.496101,Nantes,25.21
787db2fb-b68b-412a-8ee0-4a62a48ad161,aéroport,47.306806,-1.626739,Nantes,61.48
d8a32567-eb1d-49c7-a266-3b3b8c4859d4,cinéma,47.132483,-1.639602,Nantes,48.97
7bd4652e-3ce6-4fb9-889b-f6fc985fc063,cinéma,47.184554,-1.558617,Nantes,87.96
a3bb0e76-d8ce-455a-b741-3164b7bd6b82,stade,47.29915,-1.49312,Nantes,54.26
2eace5d2-d92b-4a02-95ee-662270450142,gare,47.208502,-1.547217,Nantes,37.85
c12805cf-f286-4724-8a24-a8434fa466c8,université,47.298828,-1.520011,Nantes,69.79
57a0c818-d9e6-4273-95ea-5965e76c624e,centre commercial,47.286867,-1.612748,Nantes,62.42
a7ab9302-c312-4b46-921c-b513ed4260ff,stade,47.272758,-1.589476,Nantes,68.4
5d5d9b84-fb38-43d4-be09-6978d155c5e4,aéroport,47.188555,-1.55754,Nantes,62.59
c54819b6-cd98-4090-90a6-5148c0592365,cinéma,47.177786,-1.621389,Nantes,51.87
6e6d8a9c-984c-472b-a1d3-ac8f40426656,centre commercial,47.303191,-1.514531,Nantes,52.15
9fa6007e-a688-4dd9-a538-9ad47dc704b4,cinéma,47.147178,-1.4796,Nantes,62.59
86604542-aff6-442d-8f6f-a47590a19bbf,cinéma,47.136087,-1.530082,Nantes,59.44
50a6eb4b-9149-4bf4-8259-cc44434350ae,restaurant,47.283092,-1.472388,Nantes,20.21
6d2eddd3-7c7a-49bf-ad2c-f00f7daa1476,aéroport,47.17807,-1.616882,Nantes,52.37
26cf09ec-7d58-47b8-be32-c1c0e6a999d1,cinéma,47.197186,-1.628662,Nantes,86.24
ca01e6b0-885f-4743-a390-88ca3a0eb2ba,restaurant,47.221745,-1.623513,Nantes,47.29
d05be6dc-8812-4a3f-b762-a665fc30012d,cinéma,47.181444,-1.628422,Nantes,96.35
29b326ac-39d1-4ac4-b368-7970ba16221c,aéroport,47.217899,-1.490783,Nantes,61.78
284970e3-43d6-46a1-993b-2b0ffc65ef93,stade,47.148512,-1.615974,Nantes,72.38
41bece29-e967-4bac-b928-29a695a1816a,aéroport,47.186295,-1.551296,Nantes,99.85
fdb06d37-3708-49c2-ad67-ef799646685f,restaurant,47.187696,-1.559802,Nantes,91.32
e385d9a9-4568-4d75-b70e-59c4093f19a6,aéroport,47.272682,-1.583476,Nantes,71.42
138118c3-f16c-4727-a8b8-702da359c01d,gare,47.260543,-1.630307,Nantes,47.79
6f6872e6-fb91-424c-91c5-7c372db308b8,restaurant,47.200971,-1.590827,Nantes,63.91
4febf950-778e-4c71-86f8-71ff14110b2a,aéroport,47.304273,-1.552786,Nantes,81.47
c1c208ff-aba4-4854-a21d-f166efc2511d,aéroport,47.294228,-1.601789,Nantes,30.75
1eebfe52-be0e-465f-8388-2f58b329d5e4,université,47.173627,-1.55349,Nantes,29.46
5fae4516-c5cd-451e-b511-7feb05527df4,aéroport,47.286873,-1.548635,Nantes,40.96
3b5bbf67-bc92-4ee0-a5fe-9814fd47f139,université,47.270913,-1.565959,Nantes,98.9
b47f30e0-8e26-475f-b7e7-d8f7203e5d36,aéroport,47.235959,-1.528162,Nantes,97.2
68ef38d1-bd4e-41db-8d10-bdd7c166b4ed,gare,47.170515,-1.492011,Nantes,71.18
4aeebbb3-5461-469d-9138-8c73d93f872e,restaurant,47.197227,-1.544038,Nantes,25.48
c9f8886a-174f-46f5-9326-d0396e069700,gare,47.191784,-1.540838,Nantes,80.28
e9c0f5ef-f23d-4338-9f0f-e09e57d4ba68,aéroport,47.159215,-1.496317,Nantes,96.12
aedd30d4-b04b-42f4-b6f4-fd5bde76c073,gare,47.184112,-1.609829,Nantes,71.6
b92dd056-b417-49ee-a96e-7fcfbab8ae2c,centre commercial,47.20783,-1.583131,Nantes,68.61
905d82dc-5e19-454a-8a65-4bc3afaafaab,cinéma,47.167189,-1.547653,Nantes,97.07
c32484ae-9910-4bcd-9eef-c21f68321560,restaurant,47.217377,-1.57289,Nantes,78.45
9d22d67e-cfba-4ab8-ac89-3af8f0bf467d,restaurant,47.133034,-1.507417,Nantes,21.62
4f1a52fb-0047-4bd2-a406-10779b72afc5,aéroport,47.236929,-1.513027,Nantes,66.41
ec69df1a-4cf7-4350-8c6d-d08810348947,stade,47.235005,-1.544454,Nantes,33.92
8fd305f1-cf00-43b0-9b69-9436b6ecb21d,gare,47.253267,-1.589396,Nantes,36.08
34ccc60a-8548-42ff-b826-4b3ef53981f6,gare,47.219368,-1.524681,Nantes,51.96
d68cfb8d-46c1-4c14-aa2a-04a71c5aebe3,université,47.289125,-1.633675,Nantes,64.54
4f569b98-98bd-4612-85a7-45553f5c4718,gare,47.178987,-1.600175,Nantes,36.76
67665a6a-5969-4e2c-bd4a-d98d1a539ebf,restaurant,47.175075,-1.577435,Nantes,41.4
bf6486f9-c068-4854-8ffa-2ae54859449f,gare,47.138063,-1.469017,Nantes,75.62
ae5a2119-c868-4381-9c0f-a27f85ac0d00,centre commercial,47.140506,-1.611468,Nantes,50.19
08241519-3290-4efa-9dc7-be637f9e9681,gare,47.251535,-1.638631,Nantes,33.25
08ef58d1-b74f-4a3c-ae43-830c325da7bd,cinéma,47.209266,-1.49317,Nantes,46.83
aed587e6-a3fd-4d11-b473-9f01c6651065,université,47.240722,-1.629715,Nantes,55.94
5de896c7-7712-4561-b351-028975f43c1c,université,47.26589,-1.477339,Nantes,43.62
308a80c2-a8a3-4335-b983-66fff4cb63d1,université,47.136625,-1.551215,Nantes,21.5
481edcda-5585-4251-aea3-1a9f1a43a3c3,gare,47.29034,-1.479777,Nantes,77.44
7e5bee9e-9063-4c29-acc8-b869ef875719,centre commercial,47.279065,-1.610863,Nantes,60.92
1b17003a-4af3-44b5-89e1-4fe0e93ff0bf,cinéma,47.248813,-1.554886,Nantes,36.48
53079e7b-df49-42f4-9c72-0f542aea0e65,université,47.299734,-1.488297,Nantes,45.18
df6ca041-bc90-49e1-a354-b3643af9d915,gare,47.290476,-1.612317,Nantes,83.4
ed668ee3-e521-42f1-8639-1af2d9518c19,aéroport,47.306928,-1.639539,Nantes,34.5
6fe844ff-b1bd-47c3-998d-738d09c30d7e,cinéma,47.167895,-1.593143,Nantes,28.75
ab64aab4-9593-4529-9b0e-809b75012e35,cinéma,47.138168,-1.503142,Nantes,68.52
7d2f2844-12ab-4c15-bfc5-da202847e732,aéroport,47.25131,-1.602007,Nantes,69.53
fcde0868-f1b2-4fa2-8464-b66a0e42a515,stade,47.257602,-1.555674,Nantes,48.8
06c3df16-7017-4177-8131-52c435546aba,stade,47.282039,-1.548748,Nantes,82.48
279dfaed-6799-4ab1-898a-fd6abd152442,stade,47.176449,-1.473987,Nantes,67.78
095c2fbf-4857-4efa-aae1-c7b34a48bbc8,stade,47.249302,-1.534601,Nantes,98.15
29b71e9f-78a8-4649-9802-b43ac489330a,restaurant,47.207742,-1.537797,Nantes,89.79
e86a1e23-6619-4c11-82c8-a7d63530e283,centre commercial,47.297445,-1.612694,Nantes,32.55
14aeea59-d715-429d-a732-b24cf20e66b9,stade,47.151885,-1.543611,Nantes,73.16
01164803-f51d-4c0a-80df-eb4cd7560b16,université,47.223916,-1.493315,Nantes,97.88
36618893-4ee9-40a6-955d-003971ebea7e,aéroport,47.15816,-1.556957,Nantes,27.86
81b21eea-e3c0-4f75-a77d-817216431182,stade,47.297346,-1.582235,Nantes,44.31
9785c1a8-1647-49c7-bd80-bb52ad02fc25,aéroport,47.292413,-1.538,Nantes,25.48
07379930-3733-418e-b0bd-b5367b80e2f0,aéroport,47.21429,-1.627736,Nantes,89.59
cb5daa57-51e9-49aa-afda-848a83704a2d,restaurant,47.247282,-1.532083,Nantes,48.05
6a6fc1bf-554e-4f56-ba61-c04208db130e,aéroport,47.263044,-1.628342,Nantes,98.92
